2025-10-23 22:30:16,494 [     12]   INFO - #c.i.p.i.b.AppStarter - ------------------------------------------------------ IDE STARTED ------------------------------------------------------
2025-10-23 22:30:16,503 [     21]   INFO - #c.i.u.EnvironmentUtil - loading shell env is skipped: IDE has been launched from a terminal (SHLVL=1)
2025-10-23 22:30:16,514 [     32]   INFO - #c.i.u.i.PageCacheUtils - File page caching params:
2025-10-23 22:30:16,514 [     32]   INFO - #c.i.u.i.PageCacheUtils - 	DEFAULT_PAGE_SIZE: 10485760
2025-10-23 22:30:16,514 [     32]   INFO - #c.i.u.i.PageCacheUtils - 	Direct memory to use, max: 2126512128
2025-10-23 22:30:16,515 [     33]   INFO - #c.i.u.i.PageCacheUtils - 	FilePageCache: regular + lock-free (LOCK_FREE_PAGE_CACHE_ENABLED:true)
2025-10-23 22:30:16,515 [     33]   INFO - #c.i.u.i.PageCacheUtils - 	NEW_PAGE_CACHE_MEMORY_FRACTION: 0.20000000298023224
2025-10-23 22:30:16,517 [     35]   INFO - #c.i.u.i.PageCacheUtils - 	Regular FilePageCache: 503316478 bytes
2025-10-23 22:30:16,517 [     35]   INFO - #c.i.u.i.PageCacheUtils - 	New     FilePageCache: 125829122 bytes (+ up to 10.0% overflow)
2025-10-23 22:30:16,517 [     35]   INFO - #c.i.u.i.PageCacheUtils - 	DirectByteBuffers pool: 104857600 bytes
2025-10-23 22:30:16,517 [     35]   INFO - #c.i.p.i.b.AppStarter - JNA library (64-bit) loaded in 14 ms
2025-10-23 22:30:16,518 [     36]   INFO - #c.i.p.i.b.AppStarter - IDE: IntelliJ IDEA (build #IC-233.11799.300, Tue, 12 Dec 2023 05:06:00 GMT)
2025-10-23 22:30:16,519 [     37]   INFO - #c.i.p.i.b.AppStarter - OS: Mac OS X (14.5)
2025-10-23 22:30:16,519 [     37]   INFO - #c.i.p.i.b.AppStarter - JRE: 17.0.9+7-b1087.7, aarch64 (JetBrains s.r.o.)
2025-10-23 22:30:16,519 [     37]   INFO - #c.i.p.i.b.AppStarter - JVM: 17.0.9+7-b1087.7 (OpenJDK 64-Bit Server VM)
2025-10-23 22:30:16,522 [     40]   INFO - #c.i.p.i.b.AppStarter - PID: 66357
2025-10-23 22:30:16,523 [     41]   INFO - #c.i.p.i.b.AppStarter - JVM options: [-Daether.connector.resumeDownloads=false, -Dapple.awt.application.appearance=system, -Dapple.awt.fileDialogForDirectories=true, -Dapple.laf.useScreenMenuBar=true, -Didea.auto.reload.plugins=true, -Didea.classpath.index.enabled=false, -Didea.config.path=/Users/vishnupk/generativepromptpluginsuggestionandroid/build/idea-sandbox/config, -Didea.is.internal=true, -Didea.log.path=/Users/vishnupk/generativepromptpluginsuggestionandroid/build/idea-sandbox/system/log, -Didea.paths.selector=IdeaIC2023.3, -Didea.platform.prefix=Idea, -Didea.plugin.in.sandbox.mode=true, -Didea.plugins.path=/Users/vishnupk/generativepromptpluginsuggestionandroid/build/idea-sandbox/plugins, -Didea.required.plugins.id=com.vishnuu.gpsplugin, -Didea.smooth.progress=false, -Didea.system.path=/Users/vishnupk/generativepromptpluginsuggestionandroid/build/idea-sandbox/system, -Didea.vendor.name=JetBrains, -Dintellij.platform.runtime.repository.path=/Users/vishnupk/.gradle/caches/modules-2/files-2.1/com.jetbrains.intellij.idea/ideaIC/2023.3.1/592822ae84dd5e9f1290f1c10132742718a183a5/ideaIC-2023.3.1/modules/module-descriptors.jar, -Djava.system.class.loader=com.intellij.util.lang.PathClassLoader, -Djbr.catch.SIGABRT=true, -Djdk.attach.allowAttachSelf=true, -Djdk.http.auth.tunneling.disabledSchemes="", -Djdk.module.illegalAccess.silent=true, -Djna.boot.library.path=/Users/vishnupk/.gradle/caches/modules-2/files-2.1/com.jetbrains.intellij.idea/ideaIC/2023.3.1/592822ae84dd5e9f1290f1c10132742718a183a5/ideaIC-2023.3.1/lib/jna/aarch64, -Djna.noclasspath=true, -Djna.nosys=true, -Dpty4j.preferred.native.folder=/Users/vishnupk/.gradle/caches/modules-2/files-2.1/com.jetbrains.intellij.idea/ideaIC/2023.3.1/592822ae84dd5e9f1290f1c10132742718a183a5/ideaIC-2023.3.1/lib/pty4j, -Dsplash=true, -Dsun.io.useCanonCaches=false, -Dsun.java2d.metal=true, -XX:ReservedCodeCacheSize=512m, -XX:+UseG1GC, -XX:SoftRefLRUPolicyMSPerMB=50, -XX:CICompilerCount=2, -XX:+HeapDumpOnOutOfMemoryError, -XX:-OmitStackTraceInFastThrow, -XX:+IgnoreUnrecognizedVMOptions, -XX:CompileCommand=exclude,com/intellij/openapi/vfs/impl/FilePartNodeRoot,trieDescend, -javaagent:/Users/vishnupk/generativepromptpluginsuggestionandroid/build/tmp/initializeIntelliJPlugin/coroutines-javaagent.jar, --add-opens=java.base/java.io=ALL-UNNAMED, --add-opens=java.base/java.lang=ALL-UNNAMED, --add-opens=java.base/java.lang.ref=ALL-UNNAMED, --add-opens=java.base/java.lang.reflect=ALL-UNNAMED, --add-opens=java.base/java.net=ALL-UNNAMED, --add-opens=java.base/java.nio=ALL-UNNAMED, --add-opens=java.base/java.nio.charset=ALL-UNNAMED, --add-opens=java.base/java.text=ALL-UNNAMED, --add-opens=java.base/java.time=ALL-UNNAMED, --add-opens=java.base/java.util=ALL-UNNAMED, --add-opens=java.base/java.util.concurrent=ALL-UNNAMED, --add-opens=java.base/java.util.concurrent.atomic=ALL-UNNAMED, --add-opens=java.base/java.util.concurrent.locks=ALL-UNNAMED, --add-opens=java.base/jdk.internal.vm=ALL-UNNAMED, --add-opens=java.base/sun.nio.ch=ALL-UNNAMED, --add-opens=java.base/sun.nio.fs=ALL-UNNAMED, --add-opens=java.base/sun.security.ssl=ALL-UNNAMED, --add-opens=java.base/sun.security.util=ALL-UNNAMED, --add-opens=java.base/sun.net.dns=ALL-UNNAMED, --add-opens=java.desktop/com.apple.eawt=ALL-UNNAMED, --add-opens=java.desktop/com.apple.eawt.event=ALL-UNNAMED, --add-opens=java.desktop/com.apple.laf=ALL-UNNAMED, --add-opens=java.desktop/java.awt=ALL-UNNAMED, --add-opens=java.desktop/java.awt.dnd.peer=ALL-UNNAMED, --add-opens=java.desktop/java.awt.event=ALL-UNNAMED, --add-opens=java.desktop/java.awt.image=ALL-UNNAMED, --add-opens=java.desktop/java.awt.peer=ALL-UNNAMED, --add-opens=java.desktop/java.awt.font=ALL-UNNAMED, --add-opens=java.desktop/javax.swing=ALL-UNNAMED, --add-opens=java.desktop/javax.swing.plaf.basic=ALL-UNNAMED, --add-opens=java.desktop/javax.swing.text.html=ALL-UNNAMED, --add-opens=java.desktop/sun.awt.datatransfer=ALL-UNNAMED, --add-opens=java.desktop/sun.awt.image=ALL-UNNAMED, --add-opens=java.desktop/sun.awt=ALL-UNNAMED, --add-opens=java.desktop/sun.font=ALL-UNNAMED, --add-opens=java.desktop/sun.java2d=ALL-UNNAMED, --add-opens=java.desktop/sun.lwawt=ALL-UNNAMED, --add-opens=java.desktop/sun.lwawt.macosx=ALL-UNNAMED, --add-opens=java.desktop/sun.swing=ALL-UNNAMED, --add-opens=java.desktop/com.sun.java.swing=ALL-UNNAMED, --add-opens=jdk.attach/sun.tools.attach=ALL-UNNAMED, --add-opens=jdk.compiler/com.sun.tools.javac.api=ALL-UNNAMED, --add-opens=jdk.internal.jvmstat/sun.jvmstat.monitor=ALL-UNNAMED, --add-opens=jdk.jdi/com.sun.tools.jdi=ALL-UNNAMED, -Xms128m, -Xmx2048m, -Dfile.encoding=UTF-8, -Duser.country=IN, -Duser.language=en, -Duser.variant, -ea]
2025-10-23 22:30:16,523 [     41]   INFO - #c.i.p.i.b.AppStarter - args: traverseUI /Users/vishnupk/generativepromptpluginsuggestionandroid/build/searchableOptions true
2025-10-23 22:30:16,523 [     41]   INFO - #c.i.p.i.b.AppStarter - library path: /Users/vishnupk/Library/Java/Extensions:/Library/Java/Extensions:/Network/Library/Java/Extensions:/System/Library/Java/Extensions:/usr/lib/java:.
2025-10-23 22:30:16,523 [     41]   INFO - #c.i.p.i.b.AppStarter - boot library path: /Users/vishnupk/.gradle/caches/modules-2/files-2.1/com.jetbrains/jbre/jbr_jcef-17.0.9-osx-aarch64-b1087.7/extracted/jbr_jcef-17.0.9-osx-aarch64-b1087.7/Contents/Home/lib
2025-10-23 22:30:16,530 [     48]   INFO - #c.i.p.i.b.AppStarter - locale=en_IN JNU=UTF-8 file.encoding=UTF-8
    idea.config.path=/Users/vishnupk/generativepromptpluginsuggestionandroid/build/idea-sandbox/config
    idea.system.path=/Users/vishnupk/generativepromptpluginsuggestionandroid/build/idea-sandbox/system
    idea.plugins.path=/Users/vishnupk/generativepromptpluginsuggestionandroid/build/idea-sandbox/plugins
    idea.log.path=/Users/vishnupk/generativepromptpluginsuggestionandroid/build/idea-sandbox/system/log
2025-10-23 22:30:16,531 [     49]   INFO - #c.i.i.p.PluginManager - Module intellij.sh.python is not enabled because dependency com.intellij.modules.python is not available
Module intellij.space.gateway is not enabled because dependency com.jetbrains.gateway is not available
Module intellij.space.php is not enabled because dependency com.jetbrains.php is not available
Module intellij.groovy/ant is not enabled because dependency AntSupport is not available
Module intellij.space.index is not enabled because dependency intellij.indexing.shared is not available
Module intellij.qodana.jvm.swagger is not enabled because dependency com.intellij.swagger is not available
Module intellij.qodana.python is not enabled because dependency Pythonid is not available
Module intellij.qodana.php is not enabled because dependency com.jetbrains.php is not available
Module intellij.qodana.js is not enabled because dependency JavaScript is not available
Module intellij.packageChecker.python is not enabled because dependency com.intellij.modules.python is not available
Module intellij.packageChecker.javascript is not enabled because dependency JavaScript is not available
Module intellij.packageChecker.go is not enabled because dependency org.jetbrains.plugins.go is not available
2025-10-23 22:30:16,532 [     50]   INFO - #c.i.p.i.b.AppStarter - CPU cores: 8; ForkJoinPool.commonPool: java.util.concurrent.ForkJoinPool@26832598[Running, parallelism = 8, size = 0, active = 0, running = 0, steals = 0, tasks = 0, submissions = 0]; factory: com.intellij.concurrency.IdeaForkJoinWorkerThreadFactory@9f2b895
2025-10-23 22:30:16,540 [     58]   INFO - #c.i.i.p.PluginManager - Loaded bundled plugins: NetBeans Keymap (233.11799.300), Eclipse Interoperability (233.11799.300), EditorConfig (233.11799.300), intellij.platform.ijent.impl (233.11799.300), Performance Testing (233.11799.300), Groovy (233.11799.300), Java Bytecode Decompiler (233.11799.300), Turbo Complete (233.11799.300), Task Management (233.11799.300), com.intellij.dev (233.11799.300), WebP Support (233.11799.300), IDEA CORE (233.11799.300), Gradle-Java-Analysis (233.11799.300), Settings Sync (233.11799.300), JetBrains Repository Search (233.11799.300), Grazie Lite (233.11799.300), Terminal (233.11799.300), Qodana (233.11799.300), TextMate Bundles (233.11799.300), Emoji Picker (233.11799.300), Java Stream Debugger (233.11799.300), HTML Tools (233.11799.300), Shell Script (233.11799.300), Java Internationalization (233.11799.300), com.intellij.tracing.ide (233.11799.300), Perforce Helix Core (233.11799.300), JetBrains Marketplace Licensing (233.11799.300), Machine Learning Code Completion (233.11799.300), Gradle DSL API (233.11799.300), Package Checker (233.11799.300), Gradle (233.11799.300), Gradle-Java (233.11799.300), Copyright (233.11799.300), Async Profiler for IDE Performance Testing (233.11799.300), JavaFX (233.11799.300), Markdown (233.11799.300), Code Coverage for Java (233.11799.300), YAML (233.11799.300), Code With Me (233.11799.300), Toml (233.11799.300), IntelliLang (233.11799.300), Visual Studio Keymap (233.11799.300), GitLab (233.11799.300), Gradle-Maven (233.11799.300), TestNG (233.11799.300), Java (233.11799.300), Git (233.11799.300), Subversion (233.11799.300), Properties (233.11799.300), Shared Indexes (233.11799.300), IDE Features Trainer (233.11799.300), UI Designer (233.11799.300), JUnit (233.11799.300), GitHub (233.11799.300), Space (233.11799.300), Configuration Script (233.11799.300), Eclipse Keymap (233.11799.300), Maven (233.11799.300), Mercurial (233.11799.300), Images (233.11799.300), Machine Learning in Search Everywhere (233.11799.300), Bytecode Viewer (233.11799.300), Gradle Dependency Updater Implementation (233.11799.300), Kotlin (233.11799.300-IJ), JetBrains maven model api classes (233.11799.300), Java IDE Customization (233.11799.300), Maven server api classes (233.11799.300)
2025-10-23 22:30:16,541 [     59]   INFO - #c.i.i.p.PluginManager - Loaded custom plugins: Generative Prompts (1.0.0)
2025-10-23 22:30:16,615 [    133]   INFO - #c.i.o.v.n.p.FSRecords - VFS health-check enabled: first after 600000 ms, and each following 43200000 ms
2025-10-23 22:30:16,646 [    164]   INFO - #c.i.a.o.PathMacrosImpl - Loaded path macros: {MAVEN_REPOSITORY=/Users/vishnupk/.m2/repository}
2025-10-23 22:30:16,663 [    181]   WARN - #c.i.s.ComponentManagerImpl - `preload=true` must be used only for core services (service=com.jetbrains.rdserver.statistics.BackendStatisticsManager, plugin=com.jetbrains.codeWithMe)
2025-10-23 22:30:16,684 [    202]   INFO - #c.j.r.p.c.a.u.F.L - Start Wire Storage check: Check Wire Buffer Size
2025-10-23 22:30:16,687 [    205]   INFO - #c.i.i.p.ExpiredPluginsState - Plugins to skip: []
2025-10-23 22:30:16,695 [    213]   INFO - #c.i.o.v.n.p.PersistentFSLoader - VFS uses 'fast' names enumerator (over mmapped file)
2025-10-23 22:30:16,696 [    214]   INFO - #c.i.o.v.n.p.PersistentFSLoader - VFS uses content hash storage over mmapped file
2025-10-23 22:30:16,695 [    213]   INFO - #c.i.o.v.n.p.PersistentFSLoader - VFS uses streamlined attributes storage (over mmapped file)
2025-10-23 22:30:16,695 [    213]   INFO - #c.i.o.v.n.p.PersistentFSLoader - VFS uses content storage over new FilePageCache
2025-10-23 22:30:16,864 [    382]   INFO - #o.j.i.BuiltInServerManager - built-in server started, port 63343
2025-10-23 22:30:16,877 [    395]   WARN - #c.i.u.n.s.ConfirmingTrustManager - Received an empty list of custom trusted root certificates from the system. Check log above for possible errors, enable debug logging in category 'org.jetbrains.nativecerts' for more information
2025-10-23 22:30:16,879 [    397]   INFO - #c.i.u.n.s.CertificateManager - Default SSL context initialized
2025-10-23 22:30:16,933 [    451]   INFO - #c.i.o.v.n.p.PersistentFSLoader - VFS: impl (expected) version=846656, 0 file records, 0 content blobs
2025-10-23 22:30:16,939 [    457]   INFO - #c.i.o.v.n.p.FSRecordsImpl - VFS initialized: 254 ms, 0 failed attempts, 0 error(s) were recovered
2025-10-23 22:30:16,939 [    457]   INFO - #c.i.o.v.n.p.FSRecordsImpl - VFS scanned: file-by-name index was populated
2025-10-23 22:30:16,954 [    472]   WARN - #c.i.s.ComponentManagerImpl - com.intellij.psi.search.FilenameIndex initializer requests com.intellij.ide.plugins.PluginUtil instance
2025-10-23 22:30:16,957 [    475]   INFO - #c.i.o.v.i.l.NativeFileWatcherImpl - Native file watcher is disabled
2025-10-23 22:30:16,998 [    516]   INFO - #c.i.i.s.p.i.SharedIndexMainZipStorage - Shared Indexes Storage is opened and empty
2025-10-23 22:30:17,162 [    680]   INFO - #c.i.u.i.FileBasedIndexImpl - Indices to be built:fileIncludes(v = 6),javafx.custom.component(v = 2),org.jetbrains.kotlin.idea.vfilefinder.KotlinJvmModuleAnnotationsIndex(v = 1),org.jetbrains.kotlin.idea.vfilefinder.KotlinPackageSourcesMemberNamesIndex(v = 2),javafx.id.name(v = 3),HtmlTagIdIndex(v = 3),org.jetbrains.kotlin.idea.vfilefinder.KotlinMetadataFileIndex(v = 2),org.jetbrains.kotlin.idea.vfilefinder.KlibMetaFileIndex(v = 4),org.jetbrains.kotlin.idea.versions.KotlinJvmMetadataVersionIndex(v = 5),Trigram.Index(v = 4),editorconfig.index.name(v = 5),org.jetbrains.kotlin.idea.vfilefinder.KotlinClassFileIndex(v = 3),yaml.keys.name(v = 1),RelaxSymbolIndex(v = 0),FrameworkDetectionIndex(v = 65536),org.jetbrains.kotlin.idea.base.indices.names.KotlinTopLevelClassLikeDeclarationByPackageShortNameIndex(v = 3),filetypes(v = 4096),html5.custom.attributes.index(v = 1),org.jetbrains.kotlin.idea.vfilefinder.KotlinPartialPackageNamesIndex(v = 5),org.jetbrains.kotlin.idea.vfilefinder.KotlinBuiltInsMetadataIndex(v = 4),DomFileIndex(v = 0),XmlTagNames(v = 1),json.file.root.values(v = 5),xmlProperties(v = 2),java.binary.plus.expression(v = 4),java.null.method.argument(v = 1),org.jetbrains.kotlin.idea.vfilefinder.KotlinStdlibIndex(v = 1),org.jetbrains.kotlin.idea.base.indices.names.KotlinTopLevelCallableByPackageShortNameIndex(v = 3),java.source.module.name(v = 4),XmlNamespaces(v = 8),org.jetbrains.kotlin.idea.vfilefinder.KotlinModuleMappingIndex(v = 5),com.intellij.uiDesigner.FormClassIndex(v = 0),java.auto.module.name(v = 6),java.fun.expression(v = 6),IdIndex(v = 22),TodoIndex(v = 13),org.jetbrains.kotlin.idea.vfilefinder.KotlinMetadataFilePackageIndex(v = 2),SchemaTypeInheritance(v = 2),Stubs(v = 46),org.jetbrains.kotlin.idea.versions.KotlinJsMetadataVersionIndex(v = 3),org.jetbrains.kotlin.idea.vfilefinder.KotlinJavaScriptMetaFileIndex(v = 4),FilenameIndex(v = 258),JavaFxControllerClassIndex(v = 1),bytecodeAnalysis(v = 11),org.jetbrains.kotlin.idea.vfilefinder.KotlinShortClassNameFileIndex(v = 3)
2025-10-23 22:30:17,166 [    684]   INFO - #c.i.u.i.FileBasedIndexImpl - Using nice flusher for indexes
2025-10-23 22:30:17,169 [    687]   INFO - #c.i.u.i.IndexDataInitializer - Index data initialization done: 216 ms. Initialized indexes: [FilenameIndex, Trigram.Index, TodoIndex, IdIndex, RelaxSymbolIndex, FrameworkDetectionIndex, DomFileIndex, XmlTagNames, XmlNamespaces, fileIncludes, editorconfig.index.name, SchemaTypeInheritance, html5.custom.attributes.index, json.file.root.values, java.source.module.name, java.auto.module.name, HtmlTagIdIndex, xmlProperties, filetypes, java.null.method.argument, bytecodeAnalysis, java.fun.expression, yaml.keys.name, javafx.id.name, java.binary.plus.expression, javafx.custom.component, org.jetbrains.kotlin.idea.vfilefinder.KotlinJavaScriptMetaFileIndex, Stubs, JavaFxControllerClassIndex, org.jetbrains.kotlin.idea.versions.KotlinJsMetadataVersionIndex, org.jetbrains.kotlin.idea.versions.KotlinJvmMetadataVersionIndex, org.jetbrains.kotlin.idea.vfilefinder.KotlinPartialPackageNamesIndex, org.jetbrains.kotlin.idea.vfilefinder.KotlinMetadataFileIndex, org.jetbrains.kotlin.idea.vfilefinder.KotlinMetadataFilePackageIndex, org.jetbrains.kotlin.idea.vfilefinder.KotlinModuleMappingIndex, org.jetbrains.kotlin.idea.vfilefinder.KotlinStdlibIndex, org.jetbrains.kotlin.idea.vfilefinder.KotlinClassFileIndex, org.jetbrains.kotlin.idea.vfilefinder.KotlinJvmModuleAnnotationsIndex, org.jetbrains.kotlin.idea.vfilefinder.KotlinBuiltInsMetadataIndex, org.jetbrains.kotlin.idea.vfilefinder.KotlinShortClassNameFileIndex, org.jetbrains.kotlin.idea.vfilefinder.KotlinPackageSourcesMemberNamesIndex, org.jetbrains.kotlin.idea.base.indices.names.KotlinTopLevelCallableByPackageShortNameIndex, org.jetbrains.kotlin.idea.vfilefinder.KlibMetaFileIndex, com.intellij.uiDesigner.FormClassIndex, org.jetbrains.kotlin.idea.base.indices.names.KotlinTopLevelClassLikeDeclarationByPackageShortNameIndex].
2025-10-23 22:30:17,286 [    804]   INFO - #c.i.p.s.StubIndexImpl - Following stub indices will be built:jvm.static.member.name(v = 2),gr.field.name(v = 5),gr.annot.method.name(v = 5),org.jetbrains.kotlin.idea.stubindex.KotlinExactPackagesIndex(v = 2),org.jetbrains.kotlin.idea.stubindex.KotlinInnerTypeAliasClassIdIndex(v = 2),org.jetbrains.kotlin.idea.stubindex.KotlinProbablyContractedFunctionShortNameIndex(v = 2),org.jetbrains.kotlin.idea.stubindex.KotlinSubclassObjectNameIndex(v = 2),org.jetbrains.kotlin.idea.stubindex.KotlinFileFacadeClassByPackageIndex(v = 2),java.module.name(v = 4),org.jetbrains.kotlin.idea.stubindex.KotlinClassShortNameIndex(v = 2),java.annotations(v = 2),gr.anonymous.class(v = 6),org.jetbrains.kotlin.idea.stubindex.KotlinFilePartClassIndex(v = 2),org.jetbrains.kotlin.idea.stubindex.KotlinJvmNameAnnotationIndex(v = 2),org.jetbrains.kotlin.idea.stubindex.KotlinFullClassNameIndex(v = 2),dom.namespaceKey(v = 1),java.class.shortname(v = 4),org.jetbrains.kotlin.idea.stubindex.KotlinTopLevelFunctionFqnNameIndex(v = 2),java.unnamed.class(v = 2),org.jetbrains.kotlin.idea.stubindex.KotlinFunctionShortNameIndex(v = 2),org.jetbrains.kotlin.idea.stubindex.KotlinOverridableInternalMembersShortNameIndex(v = 2),markdown.header(v = 2),dom.elementClass(v = 0),gr.class.super(v = 5),org.jetbrains.kotlin.idea.stubindex.KotlinSuperClassIndex(v = 2),gr.class.fqn.s(v = 5),kotlin.primeIndexKey(v = 2),org.jetbrains.kotlin.idea.stubindex.KotlinTypeAliasByExpansionShortNameIndex(v = 2),org.jetbrains.kotlin.idea.stubindex.KotlinProbablyNothingFunctionShortNameIndex(v = 2),org.jetbrains.kotlin.idea.stubindex.KotlinTopLevelTypeAliasByPackageIndex(v = 2),org.jetbrains.kotlin.idea.stubindex.KotlinScriptFqnIndex(v = 2),org.jetbrains.kotlin.idea.stubindex.KotlinTopLevelFunctionByPackageIndex(v = 2),org.jetbrains.kotlin.idea.stubindex.KotlinProbablyNothingPropertyShortNameIndex(v = 2),gr.script.class(v = 5),org.jetbrains.kotlin.idea.stubindex.KotlinTopLevelClassByPackageIndex(v = 2),org.jetbrains.kotlin.idea.stubindex.KotlinTopLevelTypeAliasFqNameIndex(v = 2),java.class.fqn(v = 1),java.field.name(v = 2),java.method.name(v = 2),org.jetbrains.kotlin.idea.stubindex.KotlinTopLevelPropertyFqnNameIndex(v = 2),properties.index(v = 2),java.method.parameter.types(v = 3),org.jetbrains.kotlin.idea.stubindex.KotlinPropertyShortNameIndex(v = 2),java.anonymous.baseref(v = 2),org.jetbrains.kotlin.idea.stubindex.KotlinMultifileClassPartIndex(v = 2),org.jetbrains.kotlin.idea.stubindex.KotlinAnnotationsIndex(v = 3),gr.method.name(v = 5),gr.annot.members(v = 5),org.jetbrains.kotlin.idea.stubindex.KotlinTopLevelExtensionsByReceiverTypeIndex(v = 3),markdown.header.anchor(v = 2),jvm.static.member.type(v = 2),org.jetbrains.kotlin.idea.stubindex.KotlinFileFacadeShortNameIndex(v = 2),java.class.extlist(v = 3),org.jetbrains.kotlin.idea.stubindex.KotlinFileFacadeFqNameIndex(v = 2),org.jetbrains.kotlin.idea.stubindex.KotlinTopLevelPropertyByPackageIndex(v = 2),org.jetbrains.kotlin.idea.stubindex.KotlinTypeAliasShortNameIndex(v = 2),org.jetbrains.kotlin.idea.stubindex.KotlinExtensionsInObjectsByReceiverTypeIndex(v = 2),gr.script.fqn.s(v = 5)
2025-10-23 22:30:17,287 [    805]   INFO - #c.i.u.i.IndexDataInitializer - Index data initialization done: 117 ms. Initialized stub indexes: {org.jetbrains.kotlin.idea.stubindex.KotlinPropertyShortNameIndex, gr.script.class, org.jetbrains.kotlin.idea.stubindex.KotlinFullClassNameIndex, org.jetbrains.kotlin.idea.stubindex.KotlinTopLevelExtensionsByReceiverTypeIndex, gr.class.fqn.s, gr.anonymous.class, org.jetbrains.kotlin.idea.stubindex.KotlinTopLevelPropertyByPackageIndex, gr.field.name, org.jetbrains.kotlin.idea.stubindex.KotlinFunctionShortNameIndex, java.anonymous.baseref, java.field.name, org.jetbrains.kotlin.idea.stubindex.KotlinTypeAliasByExpansionShortNameIndex, org.jetbrains.kotlin.idea.stubindex.KotlinProbablyContractedFunctionShortNameIndex, org.jetbrains.kotlin.idea.stubindex.KotlinTopLevelFunctionByPackageIndex, org.jetbrains.kotlin.idea.stubindex.KotlinFileFacadeFqNameIndex, java.class.shortname, gr.method.name, org.jetbrains.kotlin.idea.stubindex.KotlinMultifileClassPartIndex, org.jetbrains.kotlin.idea.stubindex.KotlinTopLevelPropertyFqnNameIndex, org.jetbrains.kotlin.idea.stubindex.KotlinFileFacadeShortNameIndex, java.unnamed.class, java.class.fqn, org.jetbrains.kotlin.idea.stubindex.KotlinTopLevelTypeAliasByPackageIndex, org.jetbrains.kotlin.idea.stubindex.KotlinTopLevelFunctionFqnNameIndex, org.jetbrains.kotlin.idea.stubindex.KotlinTopLevelClassByPackageIndex, java.class.extlist, java.method.parameter.types, gr.annot.method.name, org.jetbrains.kotlin.idea.stubindex.KotlinJvmNameAnnotationIndex, org.jetbrains.kotlin.idea.stubindex.KotlinClassShortNameIndex, markdown.header, org.jetbrains.kotlin.idea.stubindex.KotlinFileFacadeClassByPackageIndex, org.jetbrains.kotlin.idea.stubindex.KotlinSuperClassIndex, org.jetbrains.kotlin.idea.stubindex.KotlinTopLevelTypeAliasFqNameIndex, org.jetbrains.kotlin.idea.stubindex.KotlinExactPackagesIndex, org.jetbrains.kotlin.idea.stubindex.KotlinScriptFqnIndex, org.jetbrains.kotlin.idea.stubindex.KotlinAnnotationsIndex, java.annotations, jvm.static.member.type, org.jetbrains.kotlin.idea.stubindex.KotlinTypeAliasShortNameIndex, org.jetbrains.kotlin.idea.stubindex.KotlinProbablyNothingFunctionShortNameIndex, java.module.name, dom.elementClass, org.jetbrains.kotlin.idea.stubindex.KotlinProbablyNothingPropertyShortNameIndex, dom.namespaceKey, gr.class.super, properties.index, java.method.name, org.jetbrains.kotlin.idea.stubindex.KotlinInnerTypeAliasClassIdIndex, jvm.static.member.name, markdown.header.anchor, org.jetbrains.kotlin.idea.stubindex.KotlinExtensionsInObjectsByReceiverTypeIndex, org.jetbrains.kotlin.idea.stubindex.KotlinOverridableInternalMembersShortNameIndex, gr.script.fqn.s, gr.annot.members, org.jetbrains.kotlin.idea.stubindex.KotlinFilePartClassIndex, kotlin.primeIndexKey, org.jetbrains.kotlin.idea.stubindex.KotlinSubclassObjectNameIndex}.
2025-10-23 22:30:17,541 [   1059]   WARN - #c.i.s.ComponentManagerImpl - org.zmlx.hg4idea.provider.HgChangeProvider initializer requests com.intellij.openapi.vcs.FileStatusFactory instance
2025-10-23 22:30:18,184 [   1702]   INFO - #c.i.i.p.n.PluginsGroupComponentWithProgress - Marketplace tab: loading stopped
2025-10-23 22:30:18,195 [   1713]   INFO - #c.i.i.p.PluginManagerConfigurable - Marketplace tab: 'Staff Picks' group load started
2025-10-23 22:30:18,458 [   1976]   INFO - #c.i.i.p.PluginManagerConfigurable - Marketplace tab: 'Staff Picks' group load finished
2025-10-23 22:30:18,458 [   1976]   INFO - #c.i.i.p.PluginManagerConfigurable - Marketplace tab: 'New and Updated' group load started
2025-10-23 22:30:18,708 [   2226]   INFO - #c.i.i.p.PluginManagerConfigurable - Marketplace tab: 'New and Updated' group load finished
2025-10-23 22:30:18,709 [   2227]   INFO - #c.i.i.p.PluginManagerConfigurable - Marketplace tab: 'Top Downloads' group load started
2025-10-23 22:30:18,825 [   2343]   WARN - #c.i.s.ComponentManagerImpl - com.intellij.codeInsight.daemon.LineMarkerProviders initializer requests com.intellij.codeInsight.daemon.LineMarkerProviders instance
2025-10-23 22:30:18,963 [   2481]   INFO - #c.i.i.p.PluginManagerConfigurable - Marketplace tab: 'Top Downloads' group load finished
2025-10-23 22:30:18,963 [   2481]   INFO - #c.i.i.p.PluginManagerConfigurable - Marketplace tab: 'Top Rated' group load started
2025-10-23 22:30:19,209 [   2727]   INFO - #c.i.i.p.PluginManagerConfigurable - Marketplace tab: 'Top Rated' group load finished
2025-10-23 22:30:19,248 [   2766]   INFO - #c.i.o.a.i.NonBlockingReadActionImpl - OTel monitoring for NonBlockingReadAction is enabled
2025-10-23 22:30:19,643 [   3161]   WARN - #c.i.s.ComponentManagerImpl - com.intellij.psi.LanguageSubstitutors initializer requests com.intellij.psi.LanguageSubstitutors instance
2025-10-23 22:30:20,766 [   4284]   INFO - #c.i.r.OsRegistryConfigProvider - Looking for 'lobbyServerUrl' value in [/Library/Application Support/JetBrains/CodeWithMe/lobbyServerUrl, /Library/Application Support/JetBrains/CodeWithMe/config.json, /Users/vishnupk/Library/Application Support/JetBrains/CodeWithMe/lobbyServerUrl, /Users/vishnupk/Library/Application Support/JetBrains/CodeWithMe/config.json]
2025-10-23 22:30:20,767 [   4285]   INFO - #c.i.r.OsRegistryConfigProvider - OS provided value for 'lobbyServerUrl' is not found
2025-10-23 22:30:20,767 [   4285]   INFO - #c.j.r.p.c.u.CodeWithMeSystemSettings - Setting default value='https://code-with-me.jetbrains.com'
2025-10-23 22:30:20,776 [   4294]   INFO - #c.i.r.OsRegistryConfigProvider - Looking for 'lobbyServerUrl' value in [/Library/Application Support/JetBrains/CodeWithMe/lobbyServerUrl, /Library/Application Support/JetBrains/CodeWithMe/config.json, /Users/vishnupk/Library/Application Support/JetBrains/CodeWithMe/lobbyServerUrl, /Users/vishnupk/Library/Application Support/JetBrains/CodeWithMe/config.json]
2025-10-23 22:30:20,776 [   4294]   INFO - #c.i.r.OsRegistryConfigProvider - OS provided value for 'lobbyServerUrl' is not found
2025-10-23 22:30:20,777 [   4295]   INFO - #c.j.r.p.c.u.CodeWithMeSystemSettings - Setting default value='https://code-with-me.jetbrains.com'
2025-10-23 22:30:20,923 [   4441]   WARN - #c.i.s.ComponentManagerImpl - com.intellij.psi.codeStyle.CodeStyleSettingsCustomizable initializer requests com.intellij.util.LocaleSensitiveApplicationCacheService instance
2025-10-23 22:30:21,682 [   5200]   WARN - #c.i.u.j.JBCefApp - JCEF is manually disabled in headless env via 'ide.browser.jcef.headless.enabled=false'
2025-10-23 22:30:21,687 [   5205]   INFO - #org.intellij.plugins.markdown.settings.MarkdownSettings - Migrating Markdown settings
2025-10-23 22:30:22,207 [   5725]   INFO - STDOUT - Found 205 configurables
2025-10-23 22:30:22,241 [   5759]   INFO - #c.i.i.p.n.PluginsGroupComponentWithProgress - Marketplace tab: loading stopped
2025-10-23 22:30:23,128 [   6646]   INFO - STDOUT - Output written to /Users/vishnupk/generativepromptpluginsuggestionandroid/build/searchableOptions/textmate.jar/search/textmate.jar.searchableOptions.xml
2025-10-23 22:30:23,131 [   6649]   INFO - STDOUT - Output written to /Users/vishnupk/generativepromptpluginsuggestionandroid/build/searchableOptions/markdown.jar/search/markdown.jar.searchableOptions.xml
2025-10-23 22:30:23,131 [   6649]   INFO - STDOUT - Output written to /Users/vishnupk/generativepromptpluginsuggestionandroid/build/searchableOptions/IntelliLang.jar/search/IntelliLang.jar.searchableOptions.xml
2025-10-23 22:30:23,132 [   6650]   INFO - STDOUT - Output written to /Users/vishnupk/generativepromptpluginsuggestionandroid/build/searchableOptions/eclipse.jar/search/eclipse.jar.searchableOptions.xml
2025-10-23 22:30:23,132 [   6650]   INFO - STDOUT - Output written to /Users/vishnupk/generativepromptpluginsuggestionandroid/build/searchableOptions/tasks-core.jar/search/tasks-core.jar.searchableOptions.xml
2025-10-23 22:30:23,133 [   6651]   INFO - STDOUT - Output written to /Users/vishnupk/generativepromptpluginsuggestionandroid/build/searchableOptions/sh.jar/search/sh.jar.searchableOptions.xml
2025-10-23 22:30:23,133 [   6651]   INFO - STDOUT - Output written to /Users/vishnupk/generativepromptpluginsuggestionandroid/build/searchableOptions/java-coverage.jar/search/java-coverage.jar.searchableOptions.xml
2025-10-23 22:30:23,133 [   6651]   INFO - STDOUT - Output written to /Users/vishnupk/generativepromptpluginsuggestionandroid/build/searchableOptions/java-impl.jar!/search/java-impl.jar!.searchableOptions.xml
2025-10-23 22:30:23,134 [   6652]   INFO - STDOUT - Output written to /Users/vishnupk/generativepromptpluginsuggestionandroid/build/searchableOptions/javaFX.jar!/search/javaFX.jar!.searchableOptions.xml
2025-10-23 22:30:23,134 [   6652]   INFO - STDOUT - Output written to /Users/vishnupk/generativepromptpluginsuggestionandroid/build/searchableOptions/searchEverywhereMl.jar/search/searchEverywhereMl.jar.searchableOptions.xml
2025-10-23 22:30:23,134 [   6652]   INFO - STDOUT - Output written to /Users/vishnupk/generativepromptpluginsuggestionandroid/build/searchableOptions/idea-junit.jar!/search/idea-junit.jar!.searchableOptions.xml
2025-10-23 22:30:23,135 [   6653]   INFO - STDOUT - Output written to /Users/vishnupk/generativepromptpluginsuggestionandroid/build/searchableOptions/uiDesigner.jar/search/uiDesigner.jar.searchableOptions.xml
2025-10-23 22:30:23,135 [   6653]   INFO - STDOUT - Output written to /Users/vishnupk/generativepromptpluginsuggestionandroid/build/searchableOptions/javaFX.jar/search/javaFX.jar.searchableOptions.xml
2025-10-23 22:30:23,136 [   6654]   INFO - STDOUT - Output written to /Users/vishnupk/generativepromptpluginsuggestionandroid/build/searchableOptions/dev.jar/search/dev.jar.searchableOptions.xml
2025-10-23 22:30:23,136 [   6654]   INFO - STDOUT - Output written to /Users/vishnupk/generativepromptpluginsuggestionandroid/build/searchableOptions/space.jar/search/space.jar.searchableOptions.xml
2025-10-23 22:30:23,136 [   6654]   INFO - STDOUT - Output written to /Users/vishnupk/generativepromptpluginsuggestionandroid/build/searchableOptions/cwm-plugin-terminal.jar/search/cwm-plugin-terminal.jar.searchableOptions.xml
2025-10-23 22:30:23,138 [   6656]   INFO - STDOUT - Output written to /Users/vishnupk/generativepromptpluginsuggestionandroid/build/searchableOptions/vcs-svn.jar/search/vcs-svn.jar.searchableOptions.xml
2025-10-23 22:30:23,138 [   6656]   INFO - STDOUT - Output written to /Users/vishnupk/generativepromptpluginsuggestionandroid/build/searchableOptions/byteCodeViewer.jar/search/byteCodeViewer.jar.searchableOptions.xml
2025-10-23 22:30:23,138 [   6656]   INFO - STDOUT - Output written to /Users/vishnupk/generativepromptpluginsuggestionandroid/build/searchableOptions/testng-plugin.jar!/search/testng-plugin.jar!.searchableOptions.xml
2025-10-23 22:30:23,138 [   6656]   INFO - STDOUT - Output written to /Users/vishnupk/generativepromptpluginsuggestionandroid/build/searchableOptions/marketplace.jar/search/marketplace.jar.searchableOptions.xml
2025-10-23 22:30:23,140 [   6658]   INFO - STDOUT - Output written to /Users/vishnupk/generativepromptpluginsuggestionandroid/build/searchableOptions/maven.jar/search/maven.jar.searchableOptions.xml
2025-10-23 22:30:23,140 [   6658]   INFO - STDOUT - Output written to /Users/vishnupk/generativepromptpluginsuggestionandroid/build/searchableOptions/copyright.jar/search/copyright.jar.searchableOptions.xml
2025-10-23 22:30:23,140 [   6658]   INFO - STDOUT - Output written to /Users/vishnupk/generativepromptpluginsuggestionandroid/build/searchableOptions/maven.jar!/search/maven.jar!.searchableOptions.xml
2025-10-23 22:30:23,142 [   6660]   INFO - STDOUT - Output written to /Users/vishnupk/generativepromptpluginsuggestionandroid/build/searchableOptions/Groovy.jar/search/Groovy.jar.searchableOptions.xml
2025-10-23 22:30:23,142 [   6660]   INFO - STDOUT - Output written to /Users/vishnupk/generativepromptpluginsuggestionandroid/build/searchableOptions/terminal.jar/search/terminal.jar.searchableOptions.xml
2025-10-23 22:30:23,142 [   6660]   INFO - STDOUT - Output written to /Users/vishnupk/generativepromptpluginsuggestionandroid/build/searchableOptions/gradle-java.jar/search/gradle-java.jar.searchableOptions.xml
2025-10-23 22:30:23,143 [   6661]   INFO - STDOUT - Output written to /Users/vishnupk/generativepromptpluginsuggestionandroid/build/searchableOptions/performanceTesting-async.jar/search/performanceTesting-async.jar.searchableOptions.xml
2025-10-23 22:30:23,143 [   6661]   INFO - STDOUT - Output written to /Users/vishnupk/generativepromptpluginsuggestionandroid/build/searchableOptions/properties.jar/search/properties.jar.searchableOptions.xml
2025-10-23 22:30:23,147 [   6665]   INFO - STDOUT - Output written to /Users/vishnupk/generativepromptpluginsuggestionandroid/build/searchableOptions/java-impl.jar/search/java-impl.jar.searchableOptions.xml
2025-10-23 22:30:23,159 [   6677]   INFO - STDOUT - Output written to /Users/vishnupk/generativepromptpluginsuggestionandroid/build/searchableOptions/app-client.jar/search/app-client.jar.searchableOptions.xml
2025-10-23 22:30:23,160 [   6678]   INFO - STDOUT - Output written to /Users/vishnupk/generativepromptpluginsuggestionandroid/build/searchableOptions/html-tools.jar/search/html-tools.jar.searchableOptions.xml
2025-10-23 22:30:23,160 [   6678]   INFO - STDOUT - Output written to /Users/vishnupk/generativepromptpluginsuggestionandroid/build/searchableOptions/vcs-perforce.jar/search/vcs-perforce.jar.searchableOptions.xml
2025-10-23 22:30:23,161 [   6679]   INFO - STDOUT - Output written to /Users/vishnupk/generativepromptpluginsuggestionandroid/build/searchableOptions/java-debugger-streams.jar/search/java-debugger-streams.jar.searchableOptions.xml
2025-10-23 22:30:23,161 [   6679]   INFO - STDOUT - Output written to /Users/vishnupk/generativepromptpluginsuggestionandroid/build/searchableOptions/gradle.jar/search/gradle.jar.searchableOptions.xml
2025-10-23 22:30:23,161 [   6679]   INFO - STDOUT - Output written to /Users/vishnupk/generativepromptpluginsuggestionandroid/build/searchableOptions/testng-plugin.jar/search/testng-plugin.jar.searchableOptions.xml
2025-10-23 22:30:23,161 [   6679]   INFO - STDOUT - Output written to /Users/vishnupk/generativepromptpluginsuggestionandroid/build/searchableOptions/grazie.jar/search/grazie.jar.searchableOptions.xml
2025-10-23 22:30:23,162 [   6680]   INFO - STDOUT - Output written to /Users/vishnupk/generativepromptpluginsuggestionandroid/build/searchableOptions/qodana.jar/search/qodana.jar.searchableOptions.xml
2025-10-23 22:30:23,164 [   6682]   INFO - STDOUT - Output written to /Users/vishnupk/generativepromptpluginsuggestionandroid/build/searchableOptions/app.jar/search/app.jar.searchableOptions.xml
2025-10-23 22:30:23,164 [   6682]   INFO - STDOUT - Output written to /Users/vishnupk/generativepromptpluginsuggestionandroid/build/searchableOptions/instrumented-GenerativePrompts-1.0.0.jar/search/instrumented-GenerativePrompts-1.0.0.jar.searchableOptions.xml
2025-10-23 22:30:23,165 [   6683]   INFO - STDOUT - Output written to /Users/vishnupk/generativepromptpluginsuggestionandroid/build/searchableOptions/completionMlRanking.jar/search/completionMlRanking.jar.searchableOptions.xml
2025-10-23 22:30:23,165 [   6683]   INFO - STDOUT - Output written to /Users/vishnupk/generativepromptpluginsuggestionandroid/build/searchableOptions/java-decompiler.jar/search/java-decompiler.jar.searchableOptions.xml
2025-10-23 22:30:23,165 [   6683]   INFO - STDOUT - Output written to /Users/vishnupk/generativepromptpluginsuggestionandroid/build/searchableOptions/vcs-hg.jar/search/vcs-hg.jar.searchableOptions.xml
2025-10-23 22:30:23,165 [   6683]   INFO - STDOUT - Output written to /Users/vishnupk/generativepromptpluginsuggestionandroid/build/searchableOptions/performanceTesting.jar/search/performanceTesting.jar.searchableOptions.xml
2025-10-23 22:30:23,166 [   6684]   INFO - STDOUT - Output written to /Users/vishnupk/generativepromptpluginsuggestionandroid/build/searchableOptions/vcs-gitlab.jar/search/vcs-gitlab.jar.searchableOptions.xml
2025-10-23 22:30:23,166 [   6684]   INFO - STDOUT - Output written to /Users/vishnupk/generativepromptpluginsuggestionandroid/build/searchableOptions/cwm-common.jar/search/cwm-common.jar.searchableOptions.xml
2025-10-23 22:30:23,167 [   6685]   INFO - STDOUT - Output written to /Users/vishnupk/generativepromptpluginsuggestionandroid/build/searchableOptions/java-i18n.jar/search/java-i18n.jar.searchableOptions.xml
2025-10-23 22:30:23,168 [   6686]   INFO - STDOUT - Output written to /Users/vishnupk/generativepromptpluginsuggestionandroid/build/searchableOptions/Groovy.jar!/search/Groovy.jar!.searchableOptions.xml
2025-10-23 22:30:23,168 [   6686]   INFO - STDOUT - Output written to /Users/vishnupk/generativepromptpluginsuggestionandroid/build/searchableOptions/emojipicker.jar/search/emojipicker.jar.searchableOptions.xml
2025-10-23 22:30:23,168 [   6686]   INFO - STDOUT - Output written to /Users/vishnupk/generativepromptpluginsuggestionandroid/build/searchableOptions/toml.jar/search/toml.jar.searchableOptions.xml
2025-10-23 22:30:23,169 [   6687]   INFO - STDOUT - Output written to /Users/vishnupk/generativepromptpluginsuggestionandroid/build/searchableOptions/platform-ijent-impl.jar/search/platform-ijent-impl.jar.searchableOptions.xml
2025-10-23 22:30:23,169 [   6687]   INFO - STDOUT - Output written to /Users/vishnupk/generativepromptpluginsuggestionandroid/build/searchableOptions/idea-junit.jar/search/idea-junit.jar.searchableOptions.xml
2025-10-23 22:30:23,169 [   6687]   INFO - STDOUT - Output written to /Users/vishnupk/generativepromptpluginsuggestionandroid/build/searchableOptions/yaml.jar/search/yaml.jar.searchableOptions.xml
2025-10-23 22:30:23,170 [   6688]   INFO - STDOUT - Output written to /Users/vishnupk/generativepromptpluginsuggestionandroid/build/searchableOptions/packageChecker.jar/search/packageChecker.jar.searchableOptions.xml
2025-10-23 22:30:23,170 [   6688]   INFO - STDOUT - Output written to /Users/vishnupk/generativepromptpluginsuggestionandroid/build/searchableOptions/platform-tracing-ide.jar/search/platform-tracing-ide.jar.searchableOptions.xml
2025-10-23 22:30:23,170 [   6688]   INFO - STDOUT - Output written to /Users/vishnupk/generativepromptpluginsuggestionandroid/build/searchableOptions/editorconfig.jar/search/editorconfig.jar.searchableOptions.xml
2025-10-23 22:30:23,171 [   6689]   INFO - STDOUT - Output written to /Users/vishnupk/generativepromptpluginsuggestionandroid/build/searchableOptions/vcs-github.jar/search/vcs-github.jar.searchableOptions.xml
2025-10-23 22:30:23,171 [   6689]   INFO - STDOUT - Output written to /Users/vishnupk/generativepromptpluginsuggestionandroid/build/searchableOptions/platform-langInjection.jar/search/platform-langInjection.jar.searchableOptions.xml
2025-10-23 22:30:23,171 [   6689]   INFO - STDOUT - Output written to /Users/vishnupk/generativepromptpluginsuggestionandroid/build/searchableOptions/platform-images.jar/search/platform-images.jar.searchableOptions.xml
2025-10-23 22:30:23,173 [   6691]   INFO - STDOUT - Output written to /Users/vishnupk/generativepromptpluginsuggestionandroid/build/searchableOptions/vcs-git.jar/search/vcs-git.jar.searchableOptions.xml
2025-10-23 22:30:23,174 [   6692]   INFO - STDOUT - Output written to /Users/vishnupk/generativepromptpluginsuggestionandroid/build/searchableOptions/kotlin-plugin.jar/search/kotlin-plugin.jar.searchableOptions.xml
2025-10-23 22:30:23,174 [   6692]   INFO - STDOUT - Output written to /Users/vishnupk/generativepromptpluginsuggestionandroid/build/searchableOptions/modules.jar/search/modules.jar.searchableOptions.xml
2025-10-23 22:30:23,175 [   6693]   INFO - STDOUT - Output written to /Users/vishnupk/generativepromptpluginsuggestionandroid/build/searchableOptions/indexing-shared.jar/search/indexing-shared.jar.searchableOptions.xml
2025-10-23 22:30:23,175 [   6693]   INFO - STDOUT - Output written to /Users/vishnupk/generativepromptpluginsuggestionandroid/build/searchableOptions/featuresTrainer.jar/search/featuresTrainer.jar.searchableOptions.xml
2025-10-23 22:30:23,175 [   6693]   INFO - STDOUT - Output written to /Users/vishnupk/generativepromptpluginsuggestionandroid/build/searchableOptions/kotlin-plugin.jar!/search/kotlin-plugin.jar!.searchableOptions.xml
2025-10-23 22:30:23,175 [   6693]   INFO - STDOUT - Output written to /Users/vishnupk/generativepromptpluginsuggestionandroid/build/searchableOptions/cwm-host.jar/search/cwm-host.jar.searchableOptions.xml
2025-10-23 22:30:23,176 [   6694]   INFO - STDOUT - Output written to /Users/vishnupk/generativepromptpluginsuggestionandroid/build/searchableOptions/gradle-java-maven.jar/search/gradle-java-maven.jar.searchableOptions.xml
2025-10-23 22:30:23,176 [   6694]   INFO - STDOUT - Output written to /Users/vishnupk/generativepromptpluginsuggestionandroid/build/searchableOptions/settingsSync.jar/search/settingsSync.jar.searchableOptions.xml
2025-10-23 22:30:23,176 [   6694]   INFO - STDOUT - Searchable options index builder completed
2025-10-23 22:30:23,177 [   6695]   INFO - #c.i.u.i.FileBasedIndexImpl - Index dispose started
2025-10-23 22:30:23,195 [   6713]   INFO - #c.i.p.s.StubIndexImpl - StubIndexExtension-s were unloaded
2025-10-23 22:30:23,196 [   6714]   INFO - #c.i.p.s.SerializationManagerImpl - Start shutting down /Users/vishnupk/generativepromptpluginsuggestionandroid/build/idea-sandbox/system/index/rep.names
2025-10-23 22:30:23,196 [   6714]   INFO - #c.i.p.s.SerializationManagerImpl - Finished shutting down /Users/vishnupk/generativepromptpluginsuggestionandroid/build/idea-sandbox/system/index/rep.names
2025-10-23 22:30:23,197 [   6715]   INFO - #c.i.u.i.FileBasedIndexImpl - Index dispose completed in 19ms.
2025-10-23 22:30:23,199 [   6717]   INFO - #c.i.o.v.n.p.PersistentFSImpl - VFS dispose started
2025-10-23 22:30:23,204 [   6722]   INFO - #c.i.o.v.n.p.PersistentFSImpl - VFS dispose completed in 5ms.
2025-10-23 22:30:23,213 [   6731]   INFO - #c.i.p.i.b.AppStarter - ------------------------------------------------------ IDE SHUTDOWN ------------------------------------------------------
2025-10-23 22:37:31,224 [     18]   INFO - #c.i.p.i.b.AppStarter - ------------------------------------------------------ IDE STARTED ------------------------------------------------------
2025-10-23 22:37:31,229 [     23]   INFO - #c.i.u.EnvironmentUtil - loading shell env is skipped: IDE has been launched from a terminal (SHLVL=1)
2025-10-23 22:37:31,245 [     39]   INFO - #c.i.u.i.PageCacheUtils - File page caching params:
2025-10-23 22:37:31,246 [     40]   INFO - #c.i.u.i.PageCacheUtils - 	DEFAULT_PAGE_SIZE: 10485760
2025-10-23 22:37:31,246 [     40]   INFO - #c.i.u.i.PageCacheUtils - 	Direct memory to use, max: 2126512128
2025-10-23 22:37:31,246 [     40]   INFO - #c.i.u.i.PageCacheUtils - 	FilePageCache: regular + lock-free (LOCK_FREE_PAGE_CACHE_ENABLED:true)
2025-10-23 22:37:31,248 [     42]   INFO - #c.i.u.i.PageCacheUtils - 	NEW_PAGE_CACHE_MEMORY_FRACTION: 0.20000000298023224
2025-10-23 22:37:31,248 [     42]   INFO - #c.i.u.i.PageCacheUtils - 	Regular FilePageCache: 503316478 bytes
2025-10-23 22:37:31,248 [     42]   INFO - #c.i.u.i.PageCacheUtils - 	New     FilePageCache: 125829122 bytes (+ up to 10.0% overflow)
2025-10-23 22:37:31,248 [     42]   INFO - #c.i.u.i.PageCacheUtils - 	DirectByteBuffers pool: 104857600 bytes
2025-10-23 22:37:31,248 [     42]   INFO - #c.i.p.i.b.AppStarter - JNA library (64-bit) loaded in 20 ms
2025-10-23 22:37:31,250 [     44]   INFO - #c.i.p.i.b.AppStarter - IDE: IntelliJ IDEA (build #IC-233.11799.300, Tue, 12 Dec 2023 05:06:00 GMT)
2025-10-23 22:37:31,251 [     45]   INFO - #c.i.p.i.b.AppStarter - OS: Mac OS X (14.5)
2025-10-23 22:37:31,251 [     45]   INFO - #c.i.p.i.b.AppStarter - JRE: 17.0.9+7-b1087.7, aarch64 (JetBrains s.r.o.)
2025-10-23 22:37:31,252 [     46]   INFO - #c.i.p.i.b.AppStarter - JVM: 17.0.9+7-b1087.7 (OpenJDK 64-Bit Server VM)
2025-10-23 22:37:31,254 [     48]   INFO - #c.i.p.i.b.AppStarter - PID: 66633
2025-10-23 22:37:31,256 [     50]   INFO - #c.i.p.i.b.AppStarter - JVM options: [-Daether.connector.resumeDownloads=false, -Dapple.awt.application.appearance=system, -Dapple.awt.fileDialogForDirectories=true, -Dapple.laf.useScreenMenuBar=true, -Didea.auto.reload.plugins=true, -Didea.classpath.index.enabled=false, -Didea.config.path=/Users/vishnupk/generativepromptpluginsuggestionandroid/build/idea-sandbox/config, -Didea.is.internal=true, -Didea.log.path=/Users/vishnupk/generativepromptpluginsuggestionandroid/build/idea-sandbox/system/log, -Didea.paths.selector=IdeaIC2023.3, -Didea.platform.prefix=Idea, -Didea.plugin.in.sandbox.mode=true, -Didea.plugins.path=/Users/vishnupk/generativepromptpluginsuggestionandroid/build/idea-sandbox/plugins, -Didea.required.plugins.id=com.vishnuu.gpsplugin, -Didea.smooth.progress=false, -Didea.system.path=/Users/vishnupk/generativepromptpluginsuggestionandroid/build/idea-sandbox/system, -Didea.vendor.name=JetBrains, -Dintellij.platform.runtime.repository.path=/Users/vishnupk/.gradle/caches/modules-2/files-2.1/com.jetbrains.intellij.idea/ideaIC/2023.3.1/592822ae84dd5e9f1290f1c10132742718a183a5/ideaIC-2023.3.1/modules/module-descriptors.jar, -Djava.system.class.loader=com.intellij.util.lang.PathClassLoader, -Djbr.catch.SIGABRT=true, -Djdk.attach.allowAttachSelf=true, -Djdk.http.auth.tunneling.disabledSchemes="", -Djdk.module.illegalAccess.silent=true, -Djna.boot.library.path=/Users/vishnupk/.gradle/caches/modules-2/files-2.1/com.jetbrains.intellij.idea/ideaIC/2023.3.1/592822ae84dd5e9f1290f1c10132742718a183a5/ideaIC-2023.3.1/lib/jna/aarch64, -Djna.noclasspath=true, -Djna.nosys=true, -Dpty4j.preferred.native.folder=/Users/vishnupk/.gradle/caches/modules-2/files-2.1/com.jetbrains.intellij.idea/ideaIC/2023.3.1/592822ae84dd5e9f1290f1c10132742718a183a5/ideaIC-2023.3.1/lib/pty4j, -Dsplash=true, -Dsun.io.useCanonCaches=false, -Dsun.java2d.metal=true, -XX:ReservedCodeCacheSize=512m, -XX:+UseG1GC, -XX:SoftRefLRUPolicyMSPerMB=50, -XX:CICompilerCount=2, -XX:+HeapDumpOnOutOfMemoryError, -XX:-OmitStackTraceInFastThrow, -XX:+IgnoreUnrecognizedVMOptions, -XX:CompileCommand=exclude,com/intellij/openapi/vfs/impl/FilePartNodeRoot,trieDescend, -javaagent:/Users/vishnupk/generativepromptpluginsuggestionandroid/build/tmp/initializeIntelliJPlugin/coroutines-javaagent.jar, --add-opens=java.base/java.io=ALL-UNNAMED, --add-opens=java.base/java.lang=ALL-UNNAMED, --add-opens=java.base/java.lang.ref=ALL-UNNAMED, --add-opens=java.base/java.lang.reflect=ALL-UNNAMED, --add-opens=java.base/java.net=ALL-UNNAMED, --add-opens=java.base/java.nio=ALL-UNNAMED, --add-opens=java.base/java.nio.charset=ALL-UNNAMED, --add-opens=java.base/java.text=ALL-UNNAMED, --add-opens=java.base/java.time=ALL-UNNAMED, --add-opens=java.base/java.util=ALL-UNNAMED, --add-opens=java.base/java.util.concurrent=ALL-UNNAMED, --add-opens=java.base/java.util.concurrent.atomic=ALL-UNNAMED, --add-opens=java.base/java.util.concurrent.locks=ALL-UNNAMED, --add-opens=java.base/jdk.internal.vm=ALL-UNNAMED, --add-opens=java.base/sun.nio.ch=ALL-UNNAMED, --add-opens=java.base/sun.nio.fs=ALL-UNNAMED, --add-opens=java.base/sun.security.ssl=ALL-UNNAMED, --add-opens=java.base/sun.security.util=ALL-UNNAMED, --add-opens=java.base/sun.net.dns=ALL-UNNAMED, --add-opens=java.desktop/com.apple.eawt=ALL-UNNAMED, --add-opens=java.desktop/com.apple.eawt.event=ALL-UNNAMED, --add-opens=java.desktop/com.apple.laf=ALL-UNNAMED, --add-opens=java.desktop/java.awt=ALL-UNNAMED, --add-opens=java.desktop/java.awt.dnd.peer=ALL-UNNAMED, --add-opens=java.desktop/java.awt.event=ALL-UNNAMED, --add-opens=java.desktop/java.awt.image=ALL-UNNAMED, --add-opens=java.desktop/java.awt.peer=ALL-UNNAMED, --add-opens=java.desktop/java.awt.font=ALL-UNNAMED, --add-opens=java.desktop/javax.swing=ALL-UNNAMED, --add-opens=java.desktop/javax.swing.plaf.basic=ALL-UNNAMED, --add-opens=java.desktop/javax.swing.text.html=ALL-UNNAMED, --add-opens=java.desktop/sun.awt.datatransfer=ALL-UNNAMED, --add-opens=java.desktop/sun.awt.image=ALL-UNNAMED, --add-opens=java.desktop/sun.awt=ALL-UNNAMED, --add-opens=java.desktop/sun.font=ALL-UNNAMED, --add-opens=java.desktop/sun.java2d=ALL-UNNAMED, --add-opens=java.desktop/sun.lwawt=ALL-UNNAMED, --add-opens=java.desktop/sun.lwawt.macosx=ALL-UNNAMED, --add-opens=java.desktop/sun.swing=ALL-UNNAMED, --add-opens=java.desktop/com.sun.java.swing=ALL-UNNAMED, --add-opens=jdk.attach/sun.tools.attach=ALL-UNNAMED, --add-opens=jdk.compiler/com.sun.tools.javac.api=ALL-UNNAMED, --add-opens=jdk.internal.jvmstat/sun.jvmstat.monitor=ALL-UNNAMED, --add-opens=jdk.jdi/com.sun.tools.jdi=ALL-UNNAMED, -Xms128m, -Xmx2048m, -Dfile.encoding=UTF-8, -Duser.country=IN, -Duser.language=en, -Duser.variant, -ea]
2025-10-23 22:37:31,256 [     50]   INFO - #c.i.p.i.b.AppStarter - args: traverseUI /Users/vishnupk/generativepromptpluginsuggestionandroid/build/searchableOptions true
2025-10-23 22:37:31,257 [     51]   INFO - #c.i.p.i.b.AppStarter - library path: /Users/vishnupk/Library/Java/Extensions:/Library/Java/Extensions:/Network/Library/Java/Extensions:/System/Library/Java/Extensions:/usr/lib/java:.
2025-10-23 22:37:31,257 [     51]   INFO - #c.i.p.i.b.AppStarter - boot library path: /Users/vishnupk/.gradle/caches/modules-2/files-2.1/com.jetbrains/jbre/jbr_jcef-17.0.9-osx-aarch64-b1087.7/extracted/jbr_jcef-17.0.9-osx-aarch64-b1087.7/Contents/Home/lib
2025-10-23 22:37:31,263 [     57]   INFO - #c.i.p.i.b.AppStarter - locale=en_IN JNU=UTF-8 file.encoding=UTF-8
    idea.config.path=/Users/vishnupk/generativepromptpluginsuggestionandroid/build/idea-sandbox/config
    idea.system.path=/Users/vishnupk/generativepromptpluginsuggestionandroid/build/idea-sandbox/system
    idea.plugins.path=/Users/vishnupk/generativepromptpluginsuggestionandroid/build/idea-sandbox/plugins
    idea.log.path=/Users/vishnupk/generativepromptpluginsuggestionandroid/build/idea-sandbox/system/log
2025-10-23 22:37:31,265 [     59]   INFO - #c.i.p.i.b.AppStarter - CPU cores: 8; ForkJoinPool.commonPool: java.util.concurrent.ForkJoinPool@67708e5e[Running, parallelism = 8, size = 0, active = 0, running = 0, steals = 0, tasks = 0, submissions = 0]; factory: com.intellij.concurrency.IdeaForkJoinWorkerThreadFactory@5a034ee3
2025-10-23 22:37:31,271 [     65]   INFO - #c.i.i.p.PluginManager - Module intellij.sh.python is not enabled because dependency com.intellij.modules.python is not available
Module intellij.space.gateway is not enabled because dependency com.jetbrains.gateway is not available
Module intellij.space.php is not enabled because dependency com.jetbrains.php is not available
Module intellij.groovy/ant is not enabled because dependency AntSupport is not available
Module intellij.space.index is not enabled because dependency intellij.indexing.shared is not available
Module intellij.qodana.jvm.swagger is not enabled because dependency com.intellij.swagger is not available
Module intellij.qodana.python is not enabled because dependency Pythonid is not available
Module intellij.qodana.php is not enabled because dependency com.jetbrains.php is not available
Module intellij.qodana.js is not enabled because dependency JavaScript is not available
Module intellij.packageChecker.python is not enabled because dependency com.intellij.modules.python is not available
Module intellij.packageChecker.javascript is not enabled because dependency JavaScript is not available
Module intellij.packageChecker.go is not enabled because dependency org.jetbrains.plugins.go is not available
2025-10-23 22:37:31,279 [     73]   INFO - #c.i.i.p.PluginManager - Loaded bundled plugins: Copyright (233.11799.300), Gradle-Java (233.11799.300), Gradle (233.11799.300), Package Checker (233.11799.300), Gradle DSL API (233.11799.300), Machine Learning Code Completion (233.11799.300), JetBrains Marketplace Licensing (233.11799.300), Perforce Helix Core (233.11799.300), com.intellij.tracing.ide (233.11799.300), Java Internationalization (233.11799.300), Shell Script (233.11799.300), HTML Tools (233.11799.300), Java Stream Debugger (233.11799.300), Emoji Picker (233.11799.300), TextMate Bundles (233.11799.300), Qodana (233.11799.300), Terminal (233.11799.300), Grazie Lite (233.11799.300), JetBrains Repository Search (233.11799.300), Settings Sync (233.11799.300), Gradle-Java-Analysis (233.11799.300), IDEA CORE (233.11799.300), WebP Support (233.11799.300), com.intellij.dev (233.11799.300), Task Management (233.11799.300), Turbo Complete (233.11799.300), Java Bytecode Decompiler (233.11799.300), Groovy (233.11799.300), Performance Testing (233.11799.300), intellij.platform.ijent.impl (233.11799.300), EditorConfig (233.11799.300), Eclipse Interoperability (233.11799.300), NetBeans Keymap (233.11799.300), Maven server api classes (233.11799.300), Java IDE Customization (233.11799.300), JetBrains maven model api classes (233.11799.300), Kotlin (233.11799.300-IJ), Gradle Dependency Updater Implementation (233.11799.300), Bytecode Viewer (233.11799.300), Machine Learning in Search Everywhere (233.11799.300), Images (233.11799.300), Mercurial (233.11799.300), Maven (233.11799.300), Eclipse Keymap (233.11799.300), Configuration Script (233.11799.300), Space (233.11799.300), GitHub (233.11799.300), JUnit (233.11799.300), UI Designer (233.11799.300), IDE Features Trainer (233.11799.300), Shared Indexes (233.11799.300), Properties (233.11799.300), Subversion (233.11799.300), Git (233.11799.300), Java (233.11799.300), TestNG (233.11799.300), Gradle-Maven (233.11799.300), GitLab (233.11799.300), Visual Studio Keymap (233.11799.300), IntelliLang (233.11799.300), Toml (233.11799.300), Code With Me (233.11799.300), YAML (233.11799.300), Code Coverage for Java (233.11799.300), Markdown (233.11799.300), JavaFX (233.11799.300), Async Profiler for IDE Performance Testing (233.11799.300)
2025-10-23 22:37:31,280 [     74]   INFO - #c.i.i.p.PluginManager - Loaded custom plugins: Generative Prompts (1.0.0)
2025-10-23 22:37:31,355 [    149]   INFO - #c.i.o.v.n.p.FSRecords - VFS health-check enabled: first after 600000 ms, and each following 43200000 ms
2025-10-23 22:37:31,397 [    191]   INFO - #c.i.a.o.PathMacrosImpl - Loaded path macros: {MAVEN_REPOSITORY=/Users/vishnupk/.m2/repository}
2025-10-23 22:37:31,401 [    195]   WARN - #c.i.s.ComponentManagerImpl - `preload=true` must be used only for core services (service=com.jetbrains.rdserver.statistics.BackendStatisticsManager, plugin=com.jetbrains.codeWithMe)
2025-10-23 22:37:31,429 [    223]   INFO - #c.j.r.p.c.a.u.F.L - Start Wire Storage check: Check Wire Buffer Size
2025-10-23 22:37:31,431 [    225]   INFO - #c.i.i.p.ExpiredPluginsState - Plugins to skip: []
2025-10-23 22:37:31,442 [    236]   INFO - #c.i.o.v.n.p.PersistentFSLoader - VFS uses content storage over new FilePageCache
2025-10-23 22:37:31,443 [    237]   INFO - #c.i.o.v.n.p.PersistentFSLoader - VFS uses content hash storage over mmapped file
2025-10-23 22:37:31,443 [    237]   INFO - #c.i.o.v.n.p.PersistentFSLoader - VFS uses 'fast' names enumerator (over mmapped file)
2025-10-23 22:37:31,445 [    239]   INFO - #c.i.o.v.n.p.PersistentFSLoader - VFS uses streamlined attributes storage (over mmapped file)
2025-10-23 22:37:31,484 [    278]   INFO - #c.i.o.v.n.p.PersistentFSLoader - VFS: impl (expected) version=846656, 14 file records, 0 content blobs
2025-10-23 22:37:31,496 [    290]   INFO - #c.i.o.v.n.p.FSRecordsImpl - VFS scanned: file-by-name index was populated
2025-10-23 22:37:31,497 [    291]   INFO - #c.i.o.v.n.p.FSRecordsImpl - VFS initialized: 62 ms, 0 failed attempts, 0 error(s) were recovered
2025-10-23 22:37:31,532 [    326]   INFO - #o.j.i.BuiltInServerManager - built-in server started, port 63343
2025-10-23 22:37:31,534 [    328]   WARN - #c.i.u.n.s.ConfirmingTrustManager - Received an empty list of custom trusted root certificates from the system. Check log above for possible errors, enable debug logging in category 'org.jetbrains.nativecerts' for more information
2025-10-23 22:37:31,535 [    329]   INFO - #c.i.u.n.s.CertificateManager - Default SSL context initialized
2025-10-23 22:37:31,586 [    380]   WARN - #c.i.s.ComponentManagerImpl - com.intellij.psi.search.FilenameIndex initializer requests com.intellij.ide.plugins.PluginUtil instance
2025-10-23 22:37:31,590 [    384]   INFO - #c.i.o.v.i.l.NativeFileWatcherImpl - Native file watcher is disabled
2025-10-23 22:37:31,630 [    424]   INFO - #c.i.i.s.p.i.SharedIndexMainZipStorage - Shared Indexes Storage is opened and empty
2025-10-23 22:37:31,714 [    508]   INFO - #c.i.u.i.FileBasedIndexImpl - Using nice flusher for indexes
2025-10-23 22:37:31,720 [    514]   INFO - #c.i.u.i.IndexDataInitializer - Index data initialization done: 137 ms. Initialized indexes: [FilenameIndex, filetypes, DomFileIndex, TodoIndex, Trigram.Index, IdIndex, fileIncludes, RelaxSymbolIndex, XmlNamespaces, FrameworkDetectionIndex, html5.custom.attributes.index, SchemaTypeInheritance, XmlTagNames, json.file.root.values, java.auto.module.name, HtmlTagIdIndex, yaml.keys.name, java.source.module.name, editorconfig.index.name, xmlProperties, java.null.method.argument, java.fun.expression, JavaFxControllerClassIndex, javafx.id.name, org.jetbrains.kotlin.idea.versions.KotlinJvmMetadataVersionIndex, bytecodeAnalysis, java.binary.plus.expression, javafx.custom.component, org.jetbrains.kotlin.idea.vfilefinder.KotlinClassFileIndex, org.jetbrains.kotlin.idea.versions.KotlinJsMetadataVersionIndex, org.jetbrains.kotlin.idea.vfilefinder.KotlinJavaScriptMetaFileIndex, org.jetbrains.kotlin.idea.vfilefinder.KotlinMetadataFileIndex, org.jetbrains.kotlin.idea.vfilefinder.KotlinPartialPackageNamesIndex, org.jetbrains.kotlin.idea.vfilefinder.KotlinMetadataFilePackageIndex, org.jetbrains.kotlin.idea.vfilefinder.KotlinBuiltInsMetadataIndex, org.jetbrains.kotlin.idea.vfilefinder.KotlinJvmModuleAnnotationsIndex, org.jetbrains.kotlin.idea.vfilefinder.KotlinStdlibIndex, org.jetbrains.kotlin.idea.vfilefinder.KotlinModuleMappingIndex, org.jetbrains.kotlin.idea.vfilefinder.KotlinPackageSourcesMemberNamesIndex, Stubs, org.jetbrains.kotlin.idea.base.indices.names.KotlinTopLevelCallableByPackageShortNameIndex, org.jetbrains.kotlin.idea.vfilefinder.KlibMetaFileIndex, com.intellij.uiDesigner.FormClassIndex, org.jetbrains.kotlin.idea.base.indices.names.KotlinTopLevelClassLikeDeclarationByPackageShortNameIndex, org.jetbrains.kotlin.idea.vfilefinder.KotlinShortClassNameFileIndex].
2025-10-23 22:37:31,767 [    561]   INFO - #c.i.u.i.IndexDataInitializer - Index data initialization done: 46 ms. Initialized stub indexes: {gr.anonymous.class, markdown.header.anchor, gr.script.class, java.unnamed.class, java.field.name, java.class.shortname, gr.class.super, org.jetbrains.kotlin.idea.stubindex.KotlinInnerTypeAliasClassIdIndex, java.module.name, org.jetbrains.kotlin.idea.stubindex.KotlinProbablyNothingPropertyShortNameIndex, org.jetbrains.kotlin.idea.stubindex.KotlinFunctionShortNameIndex, org.jetbrains.kotlin.idea.stubindex.KotlinTopLevelTypeAliasByPackageIndex, org.jetbrains.kotlin.idea.stubindex.KotlinTopLevelFunctionByPackageIndex, org.jetbrains.kotlin.idea.stubindex.KotlinFileFacadeFqNameIndex, dom.elementClass, org.jetbrains.kotlin.idea.stubindex.KotlinAnnotationsIndex, gr.annot.members, org.jetbrains.kotlin.idea.stubindex.KotlinJvmNameAnnotationIndex, org.jetbrains.kotlin.idea.stubindex.KotlinTypeAliasShortNameIndex, jvm.static.member.name, gr.annot.method.name, gr.method.name, org.jetbrains.kotlin.idea.stubindex.KotlinExactPackagesIndex, org.jetbrains.kotlin.idea.stubindex.KotlinSuperClassIndex, org.jetbrains.kotlin.idea.stubindex.KotlinFilePartClassIndex, markdown.header, org.jetbrains.kotlin.idea.stubindex.KotlinSubclassObjectNameIndex, gr.field.name, kotlin.primeIndexKey, org.jetbrains.kotlin.idea.stubindex.KotlinClassShortNameIndex, org.jetbrains.kotlin.idea.stubindex.KotlinFileFacadeShortNameIndex, org.jetbrains.kotlin.idea.stubindex.KotlinMultifileClassPartIndex, java.class.extlist, dom.namespaceKey, org.jetbrains.kotlin.idea.stubindex.KotlinFullClassNameIndex, gr.script.fqn.s, java.class.fqn, org.jetbrains.kotlin.idea.stubindex.KotlinScriptFqnIndex, java.method.name, properties.index, org.jetbrains.kotlin.idea.stubindex.KotlinFileFacadeClassByPackageIndex, org.jetbrains.kotlin.idea.stubindex.KotlinTopLevelExtensionsByReceiverTypeIndex, org.jetbrains.kotlin.idea.stubindex.KotlinTypeAliasByExpansionShortNameIndex, java.method.parameter.types, org.jetbrains.kotlin.idea.stubindex.KotlinExtensionsInObjectsByReceiverTypeIndex, jvm.static.member.type, gr.class.fqn.s, org.jetbrains.kotlin.idea.stubindex.KotlinProbablyContractedFunctionShortNameIndex, org.jetbrains.kotlin.idea.stubindex.KotlinTopLevelClassByPackageIndex, java.annotations, org.jetbrains.kotlin.idea.stubindex.KotlinTopLevelPropertyByPackageIndex, org.jetbrains.kotlin.idea.stubindex.KotlinTopLevelPropertyFqnNameIndex, org.jetbrains.kotlin.idea.stubindex.KotlinTopLevelTypeAliasFqNameIndex, org.jetbrains.kotlin.idea.stubindex.KotlinOverridableInternalMembersShortNameIndex, org.jetbrains.kotlin.idea.stubindex.KotlinPropertyShortNameIndex, java.anonymous.baseref, org.jetbrains.kotlin.idea.stubindex.KotlinTopLevelFunctionFqnNameIndex, org.jetbrains.kotlin.idea.stubindex.KotlinProbablyNothingFunctionShortNameIndex}.
2025-10-23 22:37:32,213 [   1007]   WARN - #c.i.s.ComponentManagerImpl - org.zmlx.hg4idea.provider.HgChangeProvider initializer requests com.intellij.openapi.vcs.FileStatusFactory instance
2025-10-23 22:37:32,833 [   1627]   INFO - #c.i.i.p.n.PluginsGroupComponentWithProgress - Marketplace tab: loading stopped
2025-10-23 22:37:32,842 [   1636]   INFO - #c.i.i.p.PluginManagerConfigurable - Marketplace tab: 'Staff Picks' group load started
2025-10-23 22:37:33,292 [   2086]   INFO - #c.i.i.p.PluginManagerConfigurable - Marketplace tab: 'Staff Picks' group load finished
2025-10-23 22:37:33,292 [   2086]   INFO - #c.i.i.p.PluginManagerConfigurable - Marketplace tab: 'New and Updated' group load started
2025-10-23 22:37:33,485 [   2279]   WARN - #c.i.s.ComponentManagerImpl - com.intellij.codeInsight.daemon.LineMarkerProviders initializer requests com.intellij.codeInsight.daemon.LineMarkerProviders instance
2025-10-23 22:37:33,543 [   2337]   INFO - #c.i.i.p.PluginManagerConfigurable - Marketplace tab: 'New and Updated' group load finished
2025-10-23 22:37:33,543 [   2337]   INFO - #c.i.i.p.PluginManagerConfigurable - Marketplace tab: 'Top Downloads' group load started
2025-10-23 22:37:33,789 [   2583]   INFO - #c.i.i.p.PluginManagerConfigurable - Marketplace tab: 'Top Downloads' group load finished
2025-10-23 22:37:33,789 [   2583]   INFO - #c.i.i.p.PluginManagerConfigurable - Marketplace tab: 'Top Rated' group load started
2025-10-23 22:37:33,889 [   2683]   INFO - #c.i.o.a.i.NonBlockingReadActionImpl - OTel monitoring for NonBlockingReadAction is enabled
2025-10-23 22:37:34,087 [   2881]   INFO - #c.i.i.p.PluginManagerConfigurable - Marketplace tab: 'Top Rated' group load finished
2025-10-23 22:37:34,277 [   3071]   WARN - #c.i.s.ComponentManagerImpl - com.intellij.psi.LanguageSubstitutors initializer requests com.intellij.psi.LanguageSubstitutors instance
2025-10-23 22:37:35,249 [   4043]   INFO - #c.i.r.OsRegistryConfigProvider - Looking for 'lobbyServerUrl' value in [/Library/Application Support/JetBrains/CodeWithMe/lobbyServerUrl, /Library/Application Support/JetBrains/CodeWithMe/config.json, /Users/vishnupk/Library/Application Support/JetBrains/CodeWithMe/lobbyServerUrl, /Users/vishnupk/Library/Application Support/JetBrains/CodeWithMe/config.json]
2025-10-23 22:37:35,249 [   4043]   INFO - #c.i.r.OsRegistryConfigProvider - OS provided value for 'lobbyServerUrl' is not found
2025-10-23 22:37:35,250 [   4044]   INFO - #c.j.r.p.c.u.CodeWithMeSystemSettings - Setting default value='https://code-with-me.jetbrains.com'
2025-10-23 22:37:35,258 [   4052]   INFO - #c.i.r.OsRegistryConfigProvider - Looking for 'lobbyServerUrl' value in [/Library/Application Support/JetBrains/CodeWithMe/lobbyServerUrl, /Library/Application Support/JetBrains/CodeWithMe/config.json, /Users/vishnupk/Library/Application Support/JetBrains/CodeWithMe/lobbyServerUrl, /Users/vishnupk/Library/Application Support/JetBrains/CodeWithMe/config.json]
2025-10-23 22:37:35,258 [   4052]   INFO - #c.i.r.OsRegistryConfigProvider - OS provided value for 'lobbyServerUrl' is not found
2025-10-23 22:37:35,258 [   4052]   INFO - #c.j.r.p.c.u.CodeWithMeSystemSettings - Setting default value='https://code-with-me.jetbrains.com'
2025-10-23 22:37:35,384 [   4178]   WARN - #c.i.s.ComponentManagerImpl - com.intellij.psi.codeStyle.CodeStyleSettingsCustomizable initializer requests com.intellij.util.LocaleSensitiveApplicationCacheService instance
2025-10-23 22:37:36,102 [   4896]   WARN - #c.i.u.j.JBCefApp - JCEF is manually disabled in headless env via 'ide.browser.jcef.headless.enabled=false'
2025-10-23 22:37:36,107 [   4901]   INFO - #org.intellij.plugins.markdown.settings.MarkdownSettings - Migrating Markdown settings
2025-10-23 22:37:36,555 [   5349]   INFO - STDOUT - Found 205 configurables
2025-10-23 22:37:36,594 [   5388]   INFO - #c.i.i.p.n.PluginsGroupComponentWithProgress - Marketplace tab: loading stopped
2025-10-23 22:37:37,332 [   6126]   INFO - STDOUT - Output written to /Users/vishnupk/generativepromptpluginsuggestionandroid/build/searchableOptions/textmate.jar/search/textmate.jar.searchableOptions.xml
2025-10-23 22:37:37,335 [   6129]   INFO - STDOUT - Output written to /Users/vishnupk/generativepromptpluginsuggestionandroid/build/searchableOptions/markdown.jar/search/markdown.jar.searchableOptions.xml
2025-10-23 22:37:37,336 [   6130]   INFO - STDOUT - Output written to /Users/vishnupk/generativepromptpluginsuggestionandroid/build/searchableOptions/IntelliLang.jar/search/IntelliLang.jar.searchableOptions.xml
2025-10-23 22:37:37,336 [   6130]   INFO - STDOUT - Output written to /Users/vishnupk/generativepromptpluginsuggestionandroid/build/searchableOptions/eclipse.jar/search/eclipse.jar.searchableOptions.xml
2025-10-23 22:37:37,337 [   6131]   INFO - STDOUT - Output written to /Users/vishnupk/generativepromptpluginsuggestionandroid/build/searchableOptions/tasks-core.jar/search/tasks-core.jar.searchableOptions.xml
2025-10-23 22:37:37,337 [   6131]   INFO - STDOUT - Output written to /Users/vishnupk/generativepromptpluginsuggestionandroid/build/searchableOptions/sh.jar/search/sh.jar.searchableOptions.xml
2025-10-23 22:37:37,337 [   6131]   INFO - STDOUT - Output written to /Users/vishnupk/generativepromptpluginsuggestionandroid/build/searchableOptions/java-coverage.jar/search/java-coverage.jar.searchableOptions.xml
2025-10-23 22:37:37,338 [   6132]   INFO - STDOUT - Output written to /Users/vishnupk/generativepromptpluginsuggestionandroid/build/searchableOptions/java-impl.jar!/search/java-impl.jar!.searchableOptions.xml
2025-10-23 22:37:37,338 [   6132]   INFO - STDOUT - Output written to /Users/vishnupk/generativepromptpluginsuggestionandroid/build/searchableOptions/javaFX.jar!/search/javaFX.jar!.searchableOptions.xml
2025-10-23 22:37:37,338 [   6132]   INFO - STDOUT - Output written to /Users/vishnupk/generativepromptpluginsuggestionandroid/build/searchableOptions/searchEverywhereMl.jar/search/searchEverywhereMl.jar.searchableOptions.xml
2025-10-23 22:37:37,338 [   6132]   INFO - STDOUT - Output written to /Users/vishnupk/generativepromptpluginsuggestionandroid/build/searchableOptions/idea-junit.jar!/search/idea-junit.jar!.searchableOptions.xml
2025-10-23 22:37:37,339 [   6133]   INFO - STDOUT - Output written to /Users/vishnupk/generativepromptpluginsuggestionandroid/build/searchableOptions/uiDesigner.jar/search/uiDesigner.jar.searchableOptions.xml
2025-10-23 22:37:37,339 [   6133]   INFO - STDOUT - Output written to /Users/vishnupk/generativepromptpluginsuggestionandroid/build/searchableOptions/javaFX.jar/search/javaFX.jar.searchableOptions.xml
2025-10-23 22:37:37,339 [   6133]   INFO - STDOUT - Output written to /Users/vishnupk/generativepromptpluginsuggestionandroid/build/searchableOptions/dev.jar/search/dev.jar.searchableOptions.xml
2025-10-23 22:37:37,340 [   6134]   INFO - STDOUT - Output written to /Users/vishnupk/generativepromptpluginsuggestionandroid/build/searchableOptions/space.jar/search/space.jar.searchableOptions.xml
2025-10-23 22:37:37,340 [   6134]   INFO - STDOUT - Output written to /Users/vishnupk/generativepromptpluginsuggestionandroid/build/searchableOptions/cwm-plugin-terminal.jar/search/cwm-plugin-terminal.jar.searchableOptions.xml
2025-10-23 22:37:37,341 [   6135]   INFO - STDOUT - Output written to /Users/vishnupk/generativepromptpluginsuggestionandroid/build/searchableOptions/vcs-svn.jar/search/vcs-svn.jar.searchableOptions.xml
2025-10-23 22:37:37,341 [   6135]   INFO - STDOUT - Output written to /Users/vishnupk/generativepromptpluginsuggestionandroid/build/searchableOptions/byteCodeViewer.jar/search/byteCodeViewer.jar.searchableOptions.xml
2025-10-23 22:37:37,341 [   6135]   INFO - STDOUT - Output written to /Users/vishnupk/generativepromptpluginsuggestionandroid/build/searchableOptions/testng-plugin.jar!/search/testng-plugin.jar!.searchableOptions.xml
2025-10-23 22:37:37,342 [   6136]   INFO - STDOUT - Output written to /Users/vishnupk/generativepromptpluginsuggestionandroid/build/searchableOptions/marketplace.jar/search/marketplace.jar.searchableOptions.xml
2025-10-23 22:37:37,343 [   6137]   INFO - STDOUT - Output written to /Users/vishnupk/generativepromptpluginsuggestionandroid/build/searchableOptions/maven.jar/search/maven.jar.searchableOptions.xml
2025-10-23 22:37:37,343 [   6137]   INFO - STDOUT - Output written to /Users/vishnupk/generativepromptpluginsuggestionandroid/build/searchableOptions/copyright.jar/search/copyright.jar.searchableOptions.xml
2025-10-23 22:37:37,343 [   6137]   INFO - STDOUT - Output written to /Users/vishnupk/generativepromptpluginsuggestionandroid/build/searchableOptions/maven.jar!/search/maven.jar!.searchableOptions.xml
2025-10-23 22:37:37,345 [   6139]   INFO - STDOUT - Output written to /Users/vishnupk/generativepromptpluginsuggestionandroid/build/searchableOptions/Groovy.jar/search/Groovy.jar.searchableOptions.xml
2025-10-23 22:37:37,345 [   6139]   INFO - STDOUT - Output written to /Users/vishnupk/generativepromptpluginsuggestionandroid/build/searchableOptions/terminal.jar/search/terminal.jar.searchableOptions.xml
2025-10-23 22:37:37,345 [   6139]   INFO - STDOUT - Output written to /Users/vishnupk/generativepromptpluginsuggestionandroid/build/searchableOptions/gradle-java.jar/search/gradle-java.jar.searchableOptions.xml
2025-10-23 22:37:37,345 [   6139]   INFO - STDOUT - Output written to /Users/vishnupk/generativepromptpluginsuggestionandroid/build/searchableOptions/performanceTesting-async.jar/search/performanceTesting-async.jar.searchableOptions.xml
2025-10-23 22:37:37,346 [   6140]   INFO - STDOUT - Output written to /Users/vishnupk/generativepromptpluginsuggestionandroid/build/searchableOptions/properties.jar/search/properties.jar.searchableOptions.xml
2025-10-23 22:37:37,349 [   6143]   INFO - STDOUT - Output written to /Users/vishnupk/generativepromptpluginsuggestionandroid/build/searchableOptions/java-impl.jar/search/java-impl.jar.searchableOptions.xml
2025-10-23 22:37:37,364 [   6158]   INFO - STDOUT - Output written to /Users/vishnupk/generativepromptpluginsuggestionandroid/build/searchableOptions/app-client.jar/search/app-client.jar.searchableOptions.xml
2025-10-23 22:37:37,365 [   6159]   INFO - STDOUT - Output written to /Users/vishnupk/generativepromptpluginsuggestionandroid/build/searchableOptions/html-tools.jar/search/html-tools.jar.searchableOptions.xml
2025-10-23 22:37:37,365 [   6159]   INFO - STDOUT - Output written to /Users/vishnupk/generativepromptpluginsuggestionandroid/build/searchableOptions/vcs-perforce.jar/search/vcs-perforce.jar.searchableOptions.xml
2025-10-23 22:37:37,365 [   6159]   INFO - STDOUT - Output written to /Users/vishnupk/generativepromptpluginsuggestionandroid/build/searchableOptions/java-debugger-streams.jar/search/java-debugger-streams.jar.searchableOptions.xml
2025-10-23 22:37:37,365 [   6159]   INFO - STDOUT - Output written to /Users/vishnupk/generativepromptpluginsuggestionandroid/build/searchableOptions/gradle.jar/search/gradle.jar.searchableOptions.xml
2025-10-23 22:37:37,366 [   6160]   INFO - STDOUT - Output written to /Users/vishnupk/generativepromptpluginsuggestionandroid/build/searchableOptions/testng-plugin.jar/search/testng-plugin.jar.searchableOptions.xml
2025-10-23 22:37:37,366 [   6160]   INFO - STDOUT - Output written to /Users/vishnupk/generativepromptpluginsuggestionandroid/build/searchableOptions/grazie.jar/search/grazie.jar.searchableOptions.xml
2025-10-23 22:37:37,366 [   6160]   INFO - STDOUT - Output written to /Users/vishnupk/generativepromptpluginsuggestionandroid/build/searchableOptions/qodana.jar/search/qodana.jar.searchableOptions.xml
2025-10-23 22:37:37,369 [   6163]   INFO - STDOUT - Output written to /Users/vishnupk/generativepromptpluginsuggestionandroid/build/searchableOptions/app.jar/search/app.jar.searchableOptions.xml
2025-10-23 22:37:37,369 [   6163]   INFO - STDOUT - Output written to /Users/vishnupk/generativepromptpluginsuggestionandroid/build/searchableOptions/instrumented-GenerativePrompts-1.0.0.jar/search/instrumented-GenerativePrompts-1.0.0.jar.searchableOptions.xml
2025-10-23 22:37:37,370 [   6164]   INFO - STDOUT - Output written to /Users/vishnupk/generativepromptpluginsuggestionandroid/build/searchableOptions/completionMlRanking.jar/search/completionMlRanking.jar.searchableOptions.xml
2025-10-23 22:37:37,370 [   6164]   INFO - STDOUT - Output written to /Users/vishnupk/generativepromptpluginsuggestionandroid/build/searchableOptions/java-decompiler.jar/search/java-decompiler.jar.searchableOptions.xml
2025-10-23 22:37:37,370 [   6164]   INFO - STDOUT - Output written to /Users/vishnupk/generativepromptpluginsuggestionandroid/build/searchableOptions/vcs-hg.jar/search/vcs-hg.jar.searchableOptions.xml
2025-10-23 22:37:37,370 [   6164]   INFO - STDOUT - Output written to /Users/vishnupk/generativepromptpluginsuggestionandroid/build/searchableOptions/performanceTesting.jar/search/performanceTesting.jar.searchableOptions.xml
2025-10-23 22:37:37,371 [   6165]   INFO - STDOUT - Output written to /Users/vishnupk/generativepromptpluginsuggestionandroid/build/searchableOptions/vcs-gitlab.jar/search/vcs-gitlab.jar.searchableOptions.xml
2025-10-23 22:37:37,371 [   6165]   INFO - STDOUT - Output written to /Users/vishnupk/generativepromptpluginsuggestionandroid/build/searchableOptions/cwm-common.jar/search/cwm-common.jar.searchableOptions.xml
2025-10-23 22:37:37,371 [   6165]   INFO - STDOUT - Output written to /Users/vishnupk/generativepromptpluginsuggestionandroid/build/searchableOptions/java-i18n.jar/search/java-i18n.jar.searchableOptions.xml
2025-10-23 22:37:37,371 [   6165]   INFO - STDOUT - Output written to /Users/vishnupk/generativepromptpluginsuggestionandroid/build/searchableOptions/Groovy.jar!/search/Groovy.jar!.searchableOptions.xml
2025-10-23 22:37:37,371 [   6165]   INFO - STDOUT - Output written to /Users/vishnupk/generativepromptpluginsuggestionandroid/build/searchableOptions/emojipicker.jar/search/emojipicker.jar.searchableOptions.xml
2025-10-23 22:37:37,371 [   6165]   INFO - STDOUT - Output written to /Users/vishnupk/generativepromptpluginsuggestionandroid/build/searchableOptions/toml.jar/search/toml.jar.searchableOptions.xml
2025-10-23 22:37:37,372 [   6166]   INFO - STDOUT - Output written to /Users/vishnupk/generativepromptpluginsuggestionandroid/build/searchableOptions/platform-ijent-impl.jar/search/platform-ijent-impl.jar.searchableOptions.xml
2025-10-23 22:37:37,372 [   6166]   INFO - STDOUT - Output written to /Users/vishnupk/generativepromptpluginsuggestionandroid/build/searchableOptions/idea-junit.jar/search/idea-junit.jar.searchableOptions.xml
2025-10-23 22:37:37,372 [   6166]   INFO - STDOUT - Output written to /Users/vishnupk/generativepromptpluginsuggestionandroid/build/searchableOptions/yaml.jar/search/yaml.jar.searchableOptions.xml
2025-10-23 22:37:37,372 [   6166]   INFO - STDOUT - Output written to /Users/vishnupk/generativepromptpluginsuggestionandroid/build/searchableOptions/packageChecker.jar/search/packageChecker.jar.searchableOptions.xml
2025-10-23 22:37:37,373 [   6167]   INFO - STDOUT - Output written to /Users/vishnupk/generativepromptpluginsuggestionandroid/build/searchableOptions/platform-tracing-ide.jar/search/platform-tracing-ide.jar.searchableOptions.xml
2025-10-23 22:37:37,373 [   6167]   INFO - STDOUT - Output written to /Users/vishnupk/generativepromptpluginsuggestionandroid/build/searchableOptions/editorconfig.jar/search/editorconfig.jar.searchableOptions.xml
2025-10-23 22:37:37,373 [   6167]   INFO - STDOUT - Output written to /Users/vishnupk/generativepromptpluginsuggestionandroid/build/searchableOptions/vcs-github.jar/search/vcs-github.jar.searchableOptions.xml
2025-10-23 22:37:37,373 [   6167]   INFO - STDOUT - Output written to /Users/vishnupk/generativepromptpluginsuggestionandroid/build/searchableOptions/platform-langInjection.jar/search/platform-langInjection.jar.searchableOptions.xml
2025-10-23 22:37:37,373 [   6167]   INFO - STDOUT - Output written to /Users/vishnupk/generativepromptpluginsuggestionandroid/build/searchableOptions/platform-images.jar/search/platform-images.jar.searchableOptions.xml
2025-10-23 22:37:37,374 [   6168]   INFO - STDOUT - Output written to /Users/vishnupk/generativepromptpluginsuggestionandroid/build/searchableOptions/vcs-git.jar/search/vcs-git.jar.searchableOptions.xml
2025-10-23 22:37:37,376 [   6170]   INFO - STDOUT - Output written to /Users/vishnupk/generativepromptpluginsuggestionandroid/build/searchableOptions/kotlin-plugin.jar/search/kotlin-plugin.jar.searchableOptions.xml
2025-10-23 22:37:37,376 [   6170]   INFO - STDOUT - Output written to /Users/vishnupk/generativepromptpluginsuggestionandroid/build/searchableOptions/modules.jar/search/modules.jar.searchableOptions.xml
2025-10-23 22:37:37,376 [   6170]   INFO - STDOUT - Output written to /Users/vishnupk/generativepromptpluginsuggestionandroid/build/searchableOptions/indexing-shared.jar/search/indexing-shared.jar.searchableOptions.xml
2025-10-23 22:37:37,376 [   6170]   INFO - STDOUT - Output written to /Users/vishnupk/generativepromptpluginsuggestionandroid/build/searchableOptions/featuresTrainer.jar/search/featuresTrainer.jar.searchableOptions.xml
2025-10-23 22:37:37,377 [   6171]   INFO - STDOUT - Output written to /Users/vishnupk/generativepromptpluginsuggestionandroid/build/searchableOptions/kotlin-plugin.jar!/search/kotlin-plugin.jar!.searchableOptions.xml
2025-10-23 22:37:37,377 [   6171]   INFO - STDOUT - Output written to /Users/vishnupk/generativepromptpluginsuggestionandroid/build/searchableOptions/cwm-host.jar/search/cwm-host.jar.searchableOptions.xml
2025-10-23 22:37:37,377 [   6171]   INFO - STDOUT - Output written to /Users/vishnupk/generativepromptpluginsuggestionandroid/build/searchableOptions/gradle-java-maven.jar/search/gradle-java-maven.jar.searchableOptions.xml
2025-10-23 22:37:37,377 [   6171]   INFO - STDOUT - Output written to /Users/vishnupk/generativepromptpluginsuggestionandroid/build/searchableOptions/settingsSync.jar/search/settingsSync.jar.searchableOptions.xml
2025-10-23 22:37:37,377 [   6171]   INFO - STDOUT - Searchable options index builder completed
2025-10-23 22:37:37,378 [   6172]   INFO - #c.i.u.i.FileBasedIndexImpl - Index dispose started
2025-10-23 22:37:37,393 [   6187]   INFO - #c.i.p.s.StubIndexImpl - StubIndexExtension-s were unloaded
2025-10-23 22:37:37,394 [   6188]   INFO - #c.i.p.s.SerializationManagerImpl - Start shutting down /Users/vishnupk/generativepromptpluginsuggestionandroid/build/idea-sandbox/system/index/rep.names
2025-10-23 22:37:37,394 [   6188]   INFO - #c.i.p.s.SerializationManagerImpl - Finished shutting down /Users/vishnupk/generativepromptpluginsuggestionandroid/build/idea-sandbox/system/index/rep.names
2025-10-23 22:37:37,394 [   6188]   INFO - #c.i.u.i.FileBasedIndexImpl - Index dispose completed in 16ms.
2025-10-23 22:37:37,397 [   6191]   INFO - #c.i.o.v.n.p.PersistentFSImpl - VFS dispose started
2025-10-23 22:37:37,400 [   6194]   INFO - #c.i.o.v.n.p.PersistentFSImpl - VFS dispose completed in 3ms.
2025-10-23 22:37:37,409 [   6203]   INFO - #c.i.p.i.b.AppStarter - ------------------------------------------------------ IDE SHUTDOWN ------------------------------------------------------
2025-10-24 10:37:39,228 [     11]   INFO - #c.i.p.i.b.AppStarter - ------------------------------------------------------ IDE STARTED ------------------------------------------------------
2025-10-24 10:37:39,238 [     21]   INFO - #c.i.u.EnvironmentUtil - loading shell env is skipped: IDE has been launched from a terminal (SHLVL=1)
2025-10-24 10:37:39,265 [     48]   INFO - #c.i.u.i.PageCacheUtils - File page caching params:
2025-10-24 10:37:39,265 [     48]   INFO - #c.i.u.i.PageCacheUtils - 	DEFAULT_PAGE_SIZE: 10485760
2025-10-24 10:37:39,265 [     48]   INFO - #c.i.u.i.PageCacheUtils - 	Direct memory to use, max: 2126512128
2025-10-24 10:37:39,265 [     48]   INFO - #c.i.u.i.PageCacheUtils - 	FilePageCache: regular + lock-free (LOCK_FREE_PAGE_CACHE_ENABLED:true)
2025-10-24 10:37:39,267 [     50]   INFO - #c.i.u.i.PageCacheUtils - 	NEW_PAGE_CACHE_MEMORY_FRACTION: 0.20000000298023224
2025-10-24 10:37:39,267 [     50]   INFO - #c.i.u.i.PageCacheUtils - 	Regular FilePageCache: 503316478 bytes
2025-10-24 10:37:39,267 [     50]   INFO - #c.i.u.i.PageCacheUtils - 	New     FilePageCache: 125829122 bytes (+ up to 10.0% overflow)
2025-10-24 10:37:39,268 [     51]   INFO - #c.i.u.i.PageCacheUtils - 	DirectByteBuffers pool: 104857600 bytes
2025-10-24 10:37:39,269 [     52]   INFO - #c.i.p.i.b.AppStarter - JNA library (64-bit) loaded in 32 ms
2025-10-24 10:37:39,271 [     54]   INFO - #c.i.p.i.b.AppStarter - IDE: IntelliJ IDEA (build #IC-233.11799.300, Tue, 12 Dec 2023 05:06:00 GMT)
2025-10-24 10:37:39,271 [     54]   INFO - #c.i.p.i.b.AppStarter - OS: Mac OS X (14.5)
2025-10-24 10:37:39,271 [     54]   INFO - #c.i.p.i.b.AppStarter - JRE: 17.0.9+7-b1087.7, aarch64 (JetBrains s.r.o.)
2025-10-24 10:37:39,271 [     54]   INFO - #c.i.p.i.b.AppStarter - JVM: 17.0.9+7-b1087.7 (OpenJDK 64-Bit Server VM)
2025-10-24 10:37:39,274 [     57]   INFO - #c.i.p.i.b.AppStarter - PID: 67769
2025-10-24 10:37:39,276 [     59]   INFO - #c.i.p.i.b.AppStarter - JVM options: [-Daether.connector.resumeDownloads=false, -Dapple.awt.application.appearance=system, -Dapple.awt.fileDialogForDirectories=true, -Dapple.laf.useScreenMenuBar=true, -Didea.auto.reload.plugins=true, -Didea.classpath.index.enabled=false, -Didea.config.path=/Users/vishnupk/generativepromptpluginsuggestionandroid/build/idea-sandbox/config, -Didea.is.internal=true, -Didea.log.path=/Users/vishnupk/generativepromptpluginsuggestionandroid/build/idea-sandbox/system/log, -Didea.paths.selector=IdeaIC2023.3, -Didea.platform.prefix=Idea, -Didea.plugin.in.sandbox.mode=true, -Didea.plugins.path=/Users/vishnupk/generativepromptpluginsuggestionandroid/build/idea-sandbox/plugins, -Didea.required.plugins.id=com.vishnuu.gpsplugin, -Didea.smooth.progress=false, -Didea.system.path=/Users/vishnupk/generativepromptpluginsuggestionandroid/build/idea-sandbox/system, -Didea.vendor.name=JetBrains, -Dintellij.platform.runtime.repository.path=/Users/vishnupk/.gradle/caches/modules-2/files-2.1/com.jetbrains.intellij.idea/ideaIC/2023.3.1/592822ae84dd5e9f1290f1c10132742718a183a5/ideaIC-2023.3.1/modules/module-descriptors.jar, -Djava.system.class.loader=com.intellij.util.lang.PathClassLoader, -Djbr.catch.SIGABRT=true, -Djdk.attach.allowAttachSelf=true, -Djdk.http.auth.tunneling.disabledSchemes="", -Djdk.module.illegalAccess.silent=true, -Djna.boot.library.path=/Users/vishnupk/.gradle/caches/modules-2/files-2.1/com.jetbrains.intellij.idea/ideaIC/2023.3.1/592822ae84dd5e9f1290f1c10132742718a183a5/ideaIC-2023.3.1/lib/jna/aarch64, -Djna.noclasspath=true, -Djna.nosys=true, -Dpty4j.preferred.native.folder=/Users/vishnupk/.gradle/caches/modules-2/files-2.1/com.jetbrains.intellij.idea/ideaIC/2023.3.1/592822ae84dd5e9f1290f1c10132742718a183a5/ideaIC-2023.3.1/lib/pty4j, -Dsplash=true, -Dsun.io.useCanonCaches=false, -Dsun.java2d.metal=true, -XX:ReservedCodeCacheSize=512m, -XX:+UseG1GC, -XX:SoftRefLRUPolicyMSPerMB=50, -XX:CICompilerCount=2, -XX:+HeapDumpOnOutOfMemoryError, -XX:-OmitStackTraceInFastThrow, -XX:+IgnoreUnrecognizedVMOptions, -XX:CompileCommand=exclude,com/intellij/openapi/vfs/impl/FilePartNodeRoot,trieDescend, -javaagent:/Users/vishnupk/generativepromptpluginsuggestionandroid/build/tmp/initializeIntelliJPlugin/coroutines-javaagent.jar, --add-opens=java.base/java.io=ALL-UNNAMED, --add-opens=java.base/java.lang=ALL-UNNAMED, --add-opens=java.base/java.lang.ref=ALL-UNNAMED, --add-opens=java.base/java.lang.reflect=ALL-UNNAMED, --add-opens=java.base/java.net=ALL-UNNAMED, --add-opens=java.base/java.nio=ALL-UNNAMED, --add-opens=java.base/java.nio.charset=ALL-UNNAMED, --add-opens=java.base/java.text=ALL-UNNAMED, --add-opens=java.base/java.time=ALL-UNNAMED, --add-opens=java.base/java.util=ALL-UNNAMED, --add-opens=java.base/java.util.concurrent=ALL-UNNAMED, --add-opens=java.base/java.util.concurrent.atomic=ALL-UNNAMED, --add-opens=java.base/java.util.concurrent.locks=ALL-UNNAMED, --add-opens=java.base/jdk.internal.vm=ALL-UNNAMED, --add-opens=java.base/sun.nio.ch=ALL-UNNAMED, --add-opens=java.base/sun.nio.fs=ALL-UNNAMED, --add-opens=java.base/sun.security.ssl=ALL-UNNAMED, --add-opens=java.base/sun.security.util=ALL-UNNAMED, --add-opens=java.base/sun.net.dns=ALL-UNNAMED, --add-opens=java.desktop/com.apple.eawt=ALL-UNNAMED, --add-opens=java.desktop/com.apple.eawt.event=ALL-UNNAMED, --add-opens=java.desktop/com.apple.laf=ALL-UNNAMED, --add-opens=java.desktop/java.awt=ALL-UNNAMED, --add-opens=java.desktop/java.awt.dnd.peer=ALL-UNNAMED, --add-opens=java.desktop/java.awt.event=ALL-UNNAMED, --add-opens=java.desktop/java.awt.image=ALL-UNNAMED, --add-opens=java.desktop/java.awt.peer=ALL-UNNAMED, --add-opens=java.desktop/java.awt.font=ALL-UNNAMED, --add-opens=java.desktop/javax.swing=ALL-UNNAMED, --add-opens=java.desktop/javax.swing.plaf.basic=ALL-UNNAMED, --add-opens=java.desktop/javax.swing.text.html=ALL-UNNAMED, --add-opens=java.desktop/sun.awt.datatransfer=ALL-UNNAMED, --add-opens=java.desktop/sun.awt.image=ALL-UNNAMED, --add-opens=java.desktop/sun.awt=ALL-UNNAMED, --add-opens=java.desktop/sun.font=ALL-UNNAMED, --add-opens=java.desktop/sun.java2d=ALL-UNNAMED, --add-opens=java.desktop/sun.lwawt=ALL-UNNAMED, --add-opens=java.desktop/sun.lwawt.macosx=ALL-UNNAMED, --add-opens=java.desktop/sun.swing=ALL-UNNAMED, --add-opens=java.desktop/com.sun.java.swing=ALL-UNNAMED, --add-opens=jdk.attach/sun.tools.attach=ALL-UNNAMED, --add-opens=jdk.compiler/com.sun.tools.javac.api=ALL-UNNAMED, --add-opens=jdk.internal.jvmstat/sun.jvmstat.monitor=ALL-UNNAMED, --add-opens=jdk.jdi/com.sun.tools.jdi=ALL-UNNAMED, -Xms128m, -Xmx2048m, -Dfile.encoding=UTF-8, -Duser.country=IN, -Duser.language=en, -Duser.variant, -ea]
2025-10-24 10:37:39,276 [     59]   INFO - #c.i.p.i.b.AppStarter - args: traverseUI /Users/vishnupk/generativepromptpluginsuggestionandroid/build/searchableOptions true
2025-10-24 10:37:39,276 [     59]   INFO - #c.i.p.i.b.AppStarter - library path: /Users/vishnupk/Library/Java/Extensions:/Library/Java/Extensions:/Network/Library/Java/Extensions:/System/Library/Java/Extensions:/usr/lib/java:.
2025-10-24 10:37:39,276 [     59]   INFO - #c.i.p.i.b.AppStarter - boot library path: /Users/vishnupk/.gradle/caches/modules-2/files-2.1/com.jetbrains/jbre/jbr_jcef-17.0.9-osx-aarch64-b1087.7/extracted/jbr_jcef-17.0.9-osx-aarch64-b1087.7/Contents/Home/lib
2025-10-24 10:37:39,282 [     65]   INFO - #c.i.i.p.PluginManager - Module intellij.sh.python is not enabled because dependency com.intellij.modules.python is not available
Module intellij.space.gateway is not enabled because dependency com.jetbrains.gateway is not available
Module intellij.space.php is not enabled because dependency com.jetbrains.php is not available
Module intellij.groovy/ant is not enabled because dependency AntSupport is not available
Module intellij.space.index is not enabled because dependency intellij.indexing.shared is not available
Module intellij.qodana.jvm.swagger is not enabled because dependency com.intellij.swagger is not available
Module intellij.qodana.python is not enabled because dependency Pythonid is not available
Module intellij.qodana.php is not enabled because dependency com.jetbrains.php is not available
Module intellij.qodana.js is not enabled because dependency JavaScript is not available
Module intellij.packageChecker.python is not enabled because dependency com.intellij.modules.python is not available
Module intellij.packageChecker.javascript is not enabled because dependency JavaScript is not available
Module intellij.packageChecker.go is not enabled because dependency org.jetbrains.plugins.go is not available
2025-10-24 10:37:39,284 [     67]   INFO - #c.i.p.i.b.AppStarter - locale=en_IN JNU=UTF-8 file.encoding=UTF-8
    idea.config.path=/Users/vishnupk/generativepromptpluginsuggestionandroid/build/idea-sandbox/config
    idea.system.path=/Users/vishnupk/generativepromptpluginsuggestionandroid/build/idea-sandbox/system
    idea.plugins.path=/Users/vishnupk/generativepromptpluginsuggestionandroid/build/idea-sandbox/plugins
    idea.log.path=/Users/vishnupk/generativepromptpluginsuggestionandroid/build/idea-sandbox/system/log
2025-10-24 10:37:39,286 [     69]   INFO - #c.i.p.i.b.AppStarter - CPU cores: 8; ForkJoinPool.commonPool: java.util.concurrent.ForkJoinPool@49b4bb4[Running, parallelism = 8, size = 0, active = 0, running = 0, steals = 0, tasks = 0, submissions = 0]; factory: com.intellij.concurrency.IdeaForkJoinWorkerThreadFactory@102478
2025-10-24 10:37:39,291 [     74]   INFO - #c.i.i.p.PluginManager - Loaded bundled plugins: HTML Tools (233.11799.300), Java Stream Debugger (233.11799.300), Emoji Picker (233.11799.300), TextMate Bundles (233.11799.300), Qodana (233.11799.300), Terminal (233.11799.300), Grazie Lite (233.11799.300), JetBrains Repository Search (233.11799.300), Settings Sync (233.11799.300), Gradle-Java-Analysis (233.11799.300), IDEA CORE (233.11799.300), WebP Support (233.11799.300), com.intellij.dev (233.11799.300), Task Management (233.11799.300), Turbo Complete (233.11799.300), Java Bytecode Decompiler (233.11799.300), Groovy (233.11799.300), Performance Testing (233.11799.300), intellij.platform.ijent.impl (233.11799.300), EditorConfig (233.11799.300), Eclipse Interoperability (233.11799.300), NetBeans Keymap (233.11799.300), Maven server api classes (233.11799.300), Java IDE Customization (233.11799.300), JetBrains maven model api classes (233.11799.300), Kotlin (233.11799.300-IJ), Gradle Dependency Updater Implementation (233.11799.300), Bytecode Viewer (233.11799.300), Machine Learning in Search Everywhere (233.11799.300), Images (233.11799.300), Mercurial (233.11799.300), Maven (233.11799.300), Eclipse Keymap (233.11799.300), Configuration Script (233.11799.300), Space (233.11799.300), GitHub (233.11799.300), JUnit (233.11799.300), UI Designer (233.11799.300), IDE Features Trainer (233.11799.300), Shared Indexes (233.11799.300), Properties (233.11799.300), Subversion (233.11799.300), Git (233.11799.300), Java (233.11799.300), TestNG (233.11799.300), Gradle-Maven (233.11799.300), GitLab (233.11799.300), Visual Studio Keymap (233.11799.300), IntelliLang (233.11799.300), Toml (233.11799.300), Code With Me (233.11799.300), YAML (233.11799.300), Code Coverage for Java (233.11799.300), Markdown (233.11799.300), JavaFX (233.11799.300), Async Profiler for IDE Performance Testing (233.11799.300), Copyright (233.11799.300), Gradle-Java (233.11799.300), Gradle (233.11799.300), Package Checker (233.11799.300), Gradle DSL API (233.11799.300), Machine Learning Code Completion (233.11799.300), JetBrains Marketplace Licensing (233.11799.300), Perforce Helix Core (233.11799.300), com.intellij.tracing.ide (233.11799.300), Java Internationalization (233.11799.300), Shell Script (233.11799.300)
2025-10-24 10:37:39,291 [     74]   INFO - #c.i.i.p.PluginManager - Loaded custom plugins: Generative Prompts (1.0.0)
2025-10-24 10:37:39,381 [    164]   INFO - #c.i.o.v.n.p.FSRecords - VFS health-check enabled: first after 600000 ms, and each following 43200000 ms
2025-10-24 10:37:39,406 [    189]   INFO - #c.i.a.o.PathMacrosImpl - Loaded path macros: {MAVEN_REPOSITORY=/Users/vishnupk/.m2/repository}
2025-10-24 10:37:39,410 [    193]   WARN - #c.i.s.ComponentManagerImpl - `preload=true` must be used only for core services (service=com.jetbrains.rdserver.statistics.BackendStatisticsManager, plugin=com.jetbrains.codeWithMe)
2025-10-24 10:37:39,424 [    207]   INFO - #c.i.o.v.n.p.PersistentFSLoader - VFS uses 'fast' names enumerator (over mmapped file)
2025-10-24 10:37:39,425 [    208]   INFO - #c.i.o.v.n.p.PersistentFSLoader - VFS uses content storage over new FilePageCache
2025-10-24 10:37:39,426 [    209]   INFO - #c.i.o.v.n.p.PersistentFSLoader - VFS uses streamlined attributes storage (over mmapped file)
2025-10-24 10:37:39,439 [    222]   INFO - #c.i.o.v.n.p.PersistentFSLoader - VFS uses content hash storage over mmapped file
2025-10-24 10:37:39,458 [    241]   INFO - #c.i.i.p.ExpiredPluginsState - Plugins to skip: []
2025-10-24 10:37:39,462 [    245]   INFO - #c.j.r.p.c.a.u.F.L - Start Wire Storage check: Check Wire Buffer Size
2025-10-24 10:37:39,489 [    272]   INFO - #c.i.o.v.n.p.PersistentFSLoader - VFS: impl (expected) version=846656, 14 file records, 0 content blobs
2025-10-24 10:37:39,504 [    287]   INFO - #c.i.o.v.n.p.FSRecordsImpl - VFS scanned: file-by-name index was populated
2025-10-24 10:37:39,505 [    288]   INFO - #c.i.o.v.n.p.FSRecordsImpl - VFS initialized: 86 ms, 0 failed attempts, 0 error(s) were recovered
2025-10-24 10:37:39,540 [    323]   WARN - #c.i.u.n.s.ConfirmingTrustManager - Received an empty list of custom trusted root certificates from the system. Check log above for possible errors, enable debug logging in category 'org.jetbrains.nativecerts' for more information
2025-10-24 10:37:39,542 [    325]   INFO - #c.i.u.n.s.CertificateManager - Default SSL context initialized
2025-10-24 10:37:39,565 [    348]   INFO - #o.j.i.BuiltInServerManager - built-in server started, port 63343
2025-10-24 10:37:39,600 [    383]   WARN - #c.i.s.ComponentManagerImpl - com.intellij.psi.search.FilenameIndex initializer requests com.intellij.ide.plugins.PluginUtil instance
2025-10-24 10:37:39,603 [    386]   INFO - #c.i.o.v.i.l.NativeFileWatcherImpl - Native file watcher is disabled
2025-10-24 10:37:39,636 [    419]   INFO - #c.i.i.s.p.i.SharedIndexMainZipStorage - Shared Indexes Storage is opened and empty
2025-10-24 10:37:39,712 [    495]   INFO - #c.i.u.i.FileBasedIndexImpl - Indices to be built:FilenameIndex(v = 258)
2025-10-24 10:37:39,715 [    498]   INFO - #c.i.u.i.FileBasedIndexImpl - Using nice flusher for indexes
2025-10-24 10:37:39,719 [    502]   INFO - #c.i.u.i.IndexDataInitializer - Index data initialization done: 121 ms. Initialized indexes: [filetypes, FilenameIndex, Trigram.Index, DomFileIndex, IdIndex, fileIncludes, TodoIndex, FrameworkDetectionIndex, XmlNamespaces, RelaxSymbolIndex, XmlTagNames, html5.custom.attributes.index, json.file.root.values, SchemaTypeInheritance, java.auto.module.name, HtmlTagIdIndex, xmlProperties, yaml.keys.name, editorconfig.index.name, java.source.module.name, java.fun.expression, java.binary.plus.expression, JavaFxControllerClassIndex, java.null.method.argument, javafx.id.name, bytecodeAnalysis, javafx.custom.component, org.jetbrains.kotlin.idea.versions.KotlinJvmMetadataVersionIndex, org.jetbrains.kotlin.idea.vfilefinder.KotlinClassFileIndex, org.jetbrains.kotlin.idea.versions.KotlinJsMetadataVersionIndex, org.jetbrains.kotlin.idea.vfilefinder.KotlinPartialPackageNamesIndex, org.jetbrains.kotlin.idea.vfilefinder.KotlinJavaScriptMetaFileIndex, org.jetbrains.kotlin.idea.vfilefinder.KotlinModuleMappingIndex, org.jetbrains.kotlin.idea.vfilefinder.KotlinMetadataFileIndex, org.jetbrains.kotlin.idea.vfilefinder.KotlinMetadataFilePackageIndex, org.jetbrains.kotlin.idea.vfilefinder.KotlinJvmModuleAnnotationsIndex, org.jetbrains.kotlin.idea.vfilefinder.KotlinPackageSourcesMemberNamesIndex, org.jetbrains.kotlin.idea.vfilefinder.KotlinBuiltInsMetadataIndex, org.jetbrains.kotlin.idea.vfilefinder.KotlinStdlibIndex, Stubs, org.jetbrains.kotlin.idea.vfilefinder.KotlinShortClassNameFileIndex, org.jetbrains.kotlin.idea.base.indices.names.KotlinTopLevelCallableByPackageShortNameIndex, com.intellij.uiDesigner.FormClassIndex, org.jetbrains.kotlin.idea.vfilefinder.KlibMetaFileIndex, org.jetbrains.kotlin.idea.base.indices.names.KotlinTopLevelClassLikeDeclarationByPackageShortNameIndex].
2025-10-24 10:37:39,774 [    557]   INFO - #c.i.u.i.IndexDataInitializer - Index data initialization done: 54 ms. Initialized stub indexes: {org.jetbrains.kotlin.idea.stubindex.KotlinProbablyNothingFunctionShortNameIndex, java.anonymous.baseref, org.jetbrains.kotlin.idea.stubindex.KotlinClassShortNameIndex, gr.script.fqn.s, org.jetbrains.kotlin.idea.stubindex.KotlinTopLevelClassByPackageIndex, markdown.header, java.class.shortname, dom.namespaceKey, org.jetbrains.kotlin.idea.stubindex.KotlinTopLevelTypeAliasFqNameIndex, markdown.header.anchor, org.jetbrains.kotlin.idea.stubindex.KotlinFullClassNameIndex, properties.index, org.jetbrains.kotlin.idea.stubindex.KotlinProbablyNothingPropertyShortNameIndex, org.jetbrains.kotlin.idea.stubindex.KotlinTopLevelPropertyFqnNameIndex, org.jetbrains.kotlin.idea.stubindex.KotlinJvmNameAnnotationIndex, java.unnamed.class, org.jetbrains.kotlin.idea.stubindex.KotlinInnerTypeAliasClassIdIndex, kotlin.primeIndexKey, org.jetbrains.kotlin.idea.stubindex.KotlinExtensionsInObjectsByReceiverTypeIndex, org.jetbrains.kotlin.idea.stubindex.KotlinAnnotationsIndex, org.jetbrains.kotlin.idea.stubindex.KotlinFileFacadeFqNameIndex, gr.script.class, jvm.static.member.type, org.jetbrains.kotlin.idea.stubindex.KotlinFileFacadeClassByPackageIndex, gr.anonymous.class, gr.annot.method.name, org.jetbrains.kotlin.idea.stubindex.KotlinMultifileClassPartIndex, org.jetbrains.kotlin.idea.stubindex.KotlinPropertyShortNameIndex, org.jetbrains.kotlin.idea.stubindex.KotlinTypeAliasByExpansionShortNameIndex, org.jetbrains.kotlin.idea.stubindex.KotlinExactPackagesIndex, dom.elementClass, org.jetbrains.kotlin.idea.stubindex.KotlinTopLevelFunctionByPackageIndex, org.jetbrains.kotlin.idea.stubindex.KotlinTopLevelExtensionsByReceiverTypeIndex, org.jetbrains.kotlin.idea.stubindex.KotlinSuperClassIndex, org.jetbrains.kotlin.idea.stubindex.KotlinSubclassObjectNameIndex, java.class.extlist, org.jetbrains.kotlin.idea.stubindex.KotlinFileFacadeShortNameIndex, java.annotations, org.jetbrains.kotlin.idea.stubindex.KotlinFilePartClassIndex, gr.annot.members, org.jetbrains.kotlin.idea.stubindex.KotlinTypeAliasShortNameIndex, jvm.static.member.name, gr.class.super, gr.method.name, java.module.name, org.jetbrains.kotlin.idea.stubindex.KotlinTopLevelFunctionFqnNameIndex, java.method.parameter.types, org.jetbrains.kotlin.idea.stubindex.KotlinScriptFqnIndex, org.jetbrains.kotlin.idea.stubindex.KotlinFunctionShortNameIndex, java.method.name, org.jetbrains.kotlin.idea.stubindex.KotlinProbablyContractedFunctionShortNameIndex, org.jetbrains.kotlin.idea.stubindex.KotlinTopLevelPropertyByPackageIndex, java.class.fqn, org.jetbrains.kotlin.idea.stubindex.KotlinTopLevelTypeAliasByPackageIndex, java.field.name, gr.class.fqn.s, gr.field.name, org.jetbrains.kotlin.idea.stubindex.KotlinOverridableInternalMembersShortNameIndex}.
2025-10-24 10:37:40,167 [    950]   WARN - #c.i.s.ComponentManagerImpl - org.zmlx.hg4idea.provider.HgChangeProvider initializer requests com.intellij.openapi.vcs.FileStatusFactory instance
2025-10-24 10:37:40,777 [   1560]   INFO - #c.i.i.p.n.PluginsGroupComponentWithProgress - Marketplace tab: loading stopped
2025-10-24 10:37:40,787 [   1570]   INFO - #c.i.i.p.PluginManagerConfigurable - Marketplace tab: 'Staff Picks' group load started
2025-10-24 10:37:41,115 [   1898]   INFO - #c.i.i.p.PluginManagerConfigurable - Marketplace tab: 'Staff Picks' group load finished
2025-10-24 10:37:41,115 [   1898]   INFO - #c.i.i.p.PluginManagerConfigurable - Marketplace tab: 'New and Updated' group load started
2025-10-24 10:37:41,363 [   2146]   INFO - #c.i.i.p.PluginManagerConfigurable - Marketplace tab: 'New and Updated' group load finished
2025-10-24 10:37:41,363 [   2146]   INFO - #c.i.i.p.PluginManagerConfigurable - Marketplace tab: 'Top Downloads' group load started
2025-10-24 10:37:41,395 [   2178]   WARN - #c.i.s.ComponentManagerImpl - com.intellij.codeInsight.daemon.LineMarkerProviders initializer requests com.intellij.codeInsight.daemon.LineMarkerProviders instance
2025-10-24 10:37:41,610 [   2393]   INFO - #c.i.i.p.PluginManagerConfigurable - Marketplace tab: 'Top Downloads' group load finished
2025-10-24 10:37:41,611 [   2394]   INFO - #c.i.i.p.PluginManagerConfigurable - Marketplace tab: 'Top Rated' group load started
2025-10-24 10:37:41,736 [   2519]   INFO - #c.i.o.a.i.NonBlockingReadActionImpl - OTel monitoring for NonBlockingReadAction is enabled
2025-10-24 10:37:41,859 [   2642]   INFO - #c.i.i.p.PluginManagerConfigurable - Marketplace tab: 'Top Rated' group load finished
2025-10-24 10:37:42,094 [   2877]   WARN - #c.i.s.ComponentManagerImpl - com.intellij.psi.LanguageSubstitutors initializer requests com.intellij.psi.LanguageSubstitutors instance
2025-10-24 10:37:43,036 [   3819]   INFO - #c.i.r.OsRegistryConfigProvider - Looking for 'lobbyServerUrl' value in [/Library/Application Support/JetBrains/CodeWithMe/lobbyServerUrl, /Library/Application Support/JetBrains/CodeWithMe/config.json, /Users/vishnupk/Library/Application Support/JetBrains/CodeWithMe/lobbyServerUrl, /Users/vishnupk/Library/Application Support/JetBrains/CodeWithMe/config.json]
2025-10-24 10:37:43,037 [   3820]   INFO - #c.i.r.OsRegistryConfigProvider - OS provided value for 'lobbyServerUrl' is not found
2025-10-24 10:37:43,038 [   3821]   INFO - #c.j.r.p.c.u.CodeWithMeSystemSettings - Setting default value='https://code-with-me.jetbrains.com'
2025-10-24 10:37:43,044 [   3827]   INFO - #c.i.r.OsRegistryConfigProvider - Looking for 'lobbyServerUrl' value in [/Library/Application Support/JetBrains/CodeWithMe/lobbyServerUrl, /Library/Application Support/JetBrains/CodeWithMe/config.json, /Users/vishnupk/Library/Application Support/JetBrains/CodeWithMe/lobbyServerUrl, /Users/vishnupk/Library/Application Support/JetBrains/CodeWithMe/config.json]
2025-10-24 10:37:43,044 [   3827]   INFO - #c.i.r.OsRegistryConfigProvider - OS provided value for 'lobbyServerUrl' is not found
2025-10-24 10:37:43,044 [   3827]   INFO - #c.j.r.p.c.u.CodeWithMeSystemSettings - Setting default value='https://code-with-me.jetbrains.com'
2025-10-24 10:37:43,158 [   3941]   WARN - #c.i.s.ComponentManagerImpl - com.intellij.psi.codeStyle.CodeStyleSettingsCustomizable initializer requests com.intellij.util.LocaleSensitiveApplicationCacheService instance
2025-10-24 10:37:43,805 [   4588]   WARN - #c.i.u.j.JBCefApp - JCEF is manually disabled in headless env via 'ide.browser.jcef.headless.enabled=false'
2025-10-24 10:37:43,811 [   4594]   INFO - #org.intellij.plugins.markdown.settings.MarkdownSettings - Migrating Markdown settings
2025-10-24 10:37:44,252 [   5035]   INFO - STDOUT - Found 205 configurables
2025-10-24 10:37:44,286 [   5069]   INFO - #c.i.i.p.n.PluginsGroupComponentWithProgress - Marketplace tab: loading stopped
2025-10-24 10:37:44,948 [   5731]   INFO - STDOUT - Output written to /Users/vishnupk/generativepromptpluginsuggestionandroid/build/searchableOptions/textmate.jar/search/textmate.jar.searchableOptions.xml
2025-10-24 10:37:44,950 [   5733]   INFO - STDOUT - Output written to /Users/vishnupk/generativepromptpluginsuggestionandroid/build/searchableOptions/markdown.jar/search/markdown.jar.searchableOptions.xml
2025-10-24 10:37:44,951 [   5734]   INFO - STDOUT - Output written to /Users/vishnupk/generativepromptpluginsuggestionandroid/build/searchableOptions/IntelliLang.jar/search/IntelliLang.jar.searchableOptions.xml
2025-10-24 10:37:44,951 [   5734]   INFO - STDOUT - Output written to /Users/vishnupk/generativepromptpluginsuggestionandroid/build/searchableOptions/eclipse.jar/search/eclipse.jar.searchableOptions.xml
2025-10-24 10:37:44,952 [   5735]   INFO - STDOUT - Output written to /Users/vishnupk/generativepromptpluginsuggestionandroid/build/searchableOptions/tasks-core.jar/search/tasks-core.jar.searchableOptions.xml
2025-10-24 10:37:44,953 [   5736]   INFO - STDOUT - Output written to /Users/vishnupk/generativepromptpluginsuggestionandroid/build/searchableOptions/sh.jar/search/sh.jar.searchableOptions.xml
2025-10-24 10:37:44,953 [   5736]   INFO - STDOUT - Output written to /Users/vishnupk/generativepromptpluginsuggestionandroid/build/searchableOptions/java-coverage.jar/search/java-coverage.jar.searchableOptions.xml
2025-10-24 10:37:44,954 [   5737]   INFO - STDOUT - Output written to /Users/vishnupk/generativepromptpluginsuggestionandroid/build/searchableOptions/java-impl.jar!/search/java-impl.jar!.searchableOptions.xml
2025-10-24 10:37:44,954 [   5737]   INFO - STDOUT - Output written to /Users/vishnupk/generativepromptpluginsuggestionandroid/build/searchableOptions/javaFX.jar!/search/javaFX.jar!.searchableOptions.xml
2025-10-24 10:37:44,955 [   5738]   INFO - STDOUT - Output written to /Users/vishnupk/generativepromptpluginsuggestionandroid/build/searchableOptions/searchEverywhereMl.jar/search/searchEverywhereMl.jar.searchableOptions.xml
2025-10-24 10:37:44,955 [   5738]   INFO - STDOUT - Output written to /Users/vishnupk/generativepromptpluginsuggestionandroid/build/searchableOptions/idea-junit.jar!/search/idea-junit.jar!.searchableOptions.xml
2025-10-24 10:37:44,956 [   5739]   INFO - STDOUT - Output written to /Users/vishnupk/generativepromptpluginsuggestionandroid/build/searchableOptions/uiDesigner.jar/search/uiDesigner.jar.searchableOptions.xml
2025-10-24 10:37:44,956 [   5739]   INFO - STDOUT - Output written to /Users/vishnupk/generativepromptpluginsuggestionandroid/build/searchableOptions/javaFX.jar/search/javaFX.jar.searchableOptions.xml
2025-10-24 10:37:44,957 [   5740]   INFO - STDOUT - Output written to /Users/vishnupk/generativepromptpluginsuggestionandroid/build/searchableOptions/dev.jar/search/dev.jar.searchableOptions.xml
2025-10-24 10:37:44,957 [   5740]   INFO - STDOUT - Output written to /Users/vishnupk/generativepromptpluginsuggestionandroid/build/searchableOptions/space.jar/search/space.jar.searchableOptions.xml
2025-10-24 10:37:44,958 [   5741]   INFO - STDOUT - Output written to /Users/vishnupk/generativepromptpluginsuggestionandroid/build/searchableOptions/cwm-plugin-terminal.jar/search/cwm-plugin-terminal.jar.searchableOptions.xml
2025-10-24 10:37:44,959 [   5742]   INFO - STDOUT - Output written to /Users/vishnupk/generativepromptpluginsuggestionandroid/build/searchableOptions/vcs-svn.jar/search/vcs-svn.jar.searchableOptions.xml
2025-10-24 10:37:44,959 [   5742]   INFO - STDOUT - Output written to /Users/vishnupk/generativepromptpluginsuggestionandroid/build/searchableOptions/byteCodeViewer.jar/search/byteCodeViewer.jar.searchableOptions.xml
2025-10-24 10:37:44,959 [   5742]   INFO - STDOUT - Output written to /Users/vishnupk/generativepromptpluginsuggestionandroid/build/searchableOptions/testng-plugin.jar!/search/testng-plugin.jar!.searchableOptions.xml
2025-10-24 10:37:44,959 [   5742]   INFO - STDOUT - Output written to /Users/vishnupk/generativepromptpluginsuggestionandroid/build/searchableOptions/marketplace.jar/search/marketplace.jar.searchableOptions.xml
2025-10-24 10:37:44,961 [   5744]   INFO - STDOUT - Output written to /Users/vishnupk/generativepromptpluginsuggestionandroid/build/searchableOptions/maven.jar/search/maven.jar.searchableOptions.xml
2025-10-24 10:37:44,962 [   5745]   INFO - STDOUT - Output written to /Users/vishnupk/generativepromptpluginsuggestionandroid/build/searchableOptions/copyright.jar/search/copyright.jar.searchableOptions.xml
2025-10-24 10:37:44,962 [   5745]   INFO - STDOUT - Output written to /Users/vishnupk/generativepromptpluginsuggestionandroid/build/searchableOptions/maven.jar!/search/maven.jar!.searchableOptions.xml
2025-10-24 10:37:44,964 [   5747]   INFO - STDOUT - Output written to /Users/vishnupk/generativepromptpluginsuggestionandroid/build/searchableOptions/Groovy.jar/search/Groovy.jar.searchableOptions.xml
2025-10-24 10:37:44,965 [   5748]   INFO - STDOUT - Output written to /Users/vishnupk/generativepromptpluginsuggestionandroid/build/searchableOptions/terminal.jar/search/terminal.jar.searchableOptions.xml
2025-10-24 10:37:44,965 [   5748]   INFO - STDOUT - Output written to /Users/vishnupk/generativepromptpluginsuggestionandroid/build/searchableOptions/gradle-java.jar/search/gradle-java.jar.searchableOptions.xml
2025-10-24 10:37:44,965 [   5748]   INFO - STDOUT - Output written to /Users/vishnupk/generativepromptpluginsuggestionandroid/build/searchableOptions/performanceTesting-async.jar/search/performanceTesting-async.jar.searchableOptions.xml
2025-10-24 10:37:44,965 [   5748]   INFO - STDOUT - Output written to /Users/vishnupk/generativepromptpluginsuggestionandroid/build/searchableOptions/properties.jar/search/properties.jar.searchableOptions.xml
2025-10-24 10:37:44,968 [   5751]   INFO - STDOUT - Output written to /Users/vishnupk/generativepromptpluginsuggestionandroid/build/searchableOptions/java-impl.jar/search/java-impl.jar.searchableOptions.xml
2025-10-24 10:37:44,976 [   5759]   INFO - STDOUT - Output written to /Users/vishnupk/generativepromptpluginsuggestionandroid/build/searchableOptions/app-client.jar/search/app-client.jar.searchableOptions.xml
2025-10-24 10:37:44,977 [   5760]   INFO - STDOUT - Output written to /Users/vishnupk/generativepromptpluginsuggestionandroid/build/searchableOptions/html-tools.jar/search/html-tools.jar.searchableOptions.xml
2025-10-24 10:37:44,978 [   5761]   INFO - STDOUT - Output written to /Users/vishnupk/generativepromptpluginsuggestionandroid/build/searchableOptions/vcs-perforce.jar/search/vcs-perforce.jar.searchableOptions.xml
2025-10-24 10:37:44,978 [   5761]   INFO - STDOUT - Output written to /Users/vishnupk/generativepromptpluginsuggestionandroid/build/searchableOptions/java-debugger-streams.jar/search/java-debugger-streams.jar.searchableOptions.xml
2025-10-24 10:37:44,979 [   5762]   INFO - STDOUT - Output written to /Users/vishnupk/generativepromptpluginsuggestionandroid/build/searchableOptions/gradle.jar/search/gradle.jar.searchableOptions.xml
2025-10-24 10:37:44,979 [   5762]   INFO - STDOUT - Output written to /Users/vishnupk/generativepromptpluginsuggestionandroid/build/searchableOptions/testng-plugin.jar/search/testng-plugin.jar.searchableOptions.xml
2025-10-24 10:37:44,979 [   5762]   INFO - STDOUT - Output written to /Users/vishnupk/generativepromptpluginsuggestionandroid/build/searchableOptions/grazie.jar/search/grazie.jar.searchableOptions.xml
2025-10-24 10:37:44,979 [   5762]   INFO - STDOUT - Output written to /Users/vishnupk/generativepromptpluginsuggestionandroid/build/searchableOptions/qodana.jar/search/qodana.jar.searchableOptions.xml
2025-10-24 10:37:44,981 [   5764]   INFO - STDOUT - Output written to /Users/vishnupk/generativepromptpluginsuggestionandroid/build/searchableOptions/app.jar/search/app.jar.searchableOptions.xml
2025-10-24 10:37:44,981 [   5764]   INFO - STDOUT - Output written to /Users/vishnupk/generativepromptpluginsuggestionandroid/build/searchableOptions/instrumented-GenerativePrompts-1.0.0.jar/search/instrumented-GenerativePrompts-1.0.0.jar.searchableOptions.xml
2025-10-24 10:37:44,981 [   5764]   INFO - STDOUT - Output written to /Users/vishnupk/generativepromptpluginsuggestionandroid/build/searchableOptions/completionMlRanking.jar/search/completionMlRanking.jar.searchableOptions.xml
2025-10-24 10:37:44,981 [   5764]   INFO - STDOUT - Output written to /Users/vishnupk/generativepromptpluginsuggestionandroid/build/searchableOptions/java-decompiler.jar/search/java-decompiler.jar.searchableOptions.xml
2025-10-24 10:37:44,982 [   5765]   INFO - STDOUT - Output written to /Users/vishnupk/generativepromptpluginsuggestionandroid/build/searchableOptions/vcs-hg.jar/search/vcs-hg.jar.searchableOptions.xml
2025-10-24 10:37:44,982 [   5765]   INFO - STDOUT - Output written to /Users/vishnupk/generativepromptpluginsuggestionandroid/build/searchableOptions/performanceTesting.jar/search/performanceTesting.jar.searchableOptions.xml
2025-10-24 10:37:44,982 [   5765]   INFO - STDOUT - Output written to /Users/vishnupk/generativepromptpluginsuggestionandroid/build/searchableOptions/vcs-gitlab.jar/search/vcs-gitlab.jar.searchableOptions.xml
2025-10-24 10:37:44,983 [   5766]   INFO - STDOUT - Output written to /Users/vishnupk/generativepromptpluginsuggestionandroid/build/searchableOptions/cwm-common.jar/search/cwm-common.jar.searchableOptions.xml
2025-10-24 10:37:44,983 [   5766]   INFO - STDOUT - Output written to /Users/vishnupk/generativepromptpluginsuggestionandroid/build/searchableOptions/java-i18n.jar/search/java-i18n.jar.searchableOptions.xml
2025-10-24 10:37:44,984 [   5767]   INFO - STDOUT - Output written to /Users/vishnupk/generativepromptpluginsuggestionandroid/build/searchableOptions/Groovy.jar!/search/Groovy.jar!.searchableOptions.xml
2025-10-24 10:37:44,984 [   5767]   INFO - STDOUT - Output written to /Users/vishnupk/generativepromptpluginsuggestionandroid/build/searchableOptions/emojipicker.jar/search/emojipicker.jar.searchableOptions.xml
2025-10-24 10:37:44,984 [   5767]   INFO - STDOUT - Output written to /Users/vishnupk/generativepromptpluginsuggestionandroid/build/searchableOptions/toml.jar/search/toml.jar.searchableOptions.xml
2025-10-24 10:37:44,984 [   5767]   INFO - STDOUT - Output written to /Users/vishnupk/generativepromptpluginsuggestionandroid/build/searchableOptions/platform-ijent-impl.jar/search/platform-ijent-impl.jar.searchableOptions.xml
2025-10-24 10:37:44,984 [   5767]   INFO - STDOUT - Output written to /Users/vishnupk/generativepromptpluginsuggestionandroid/build/searchableOptions/idea-junit.jar/search/idea-junit.jar.searchableOptions.xml
2025-10-24 10:37:44,985 [   5768]   INFO - STDOUT - Output written to /Users/vishnupk/generativepromptpluginsuggestionandroid/build/searchableOptions/yaml.jar/search/yaml.jar.searchableOptions.xml
2025-10-24 10:37:44,985 [   5768]   INFO - STDOUT - Output written to /Users/vishnupk/generativepromptpluginsuggestionandroid/build/searchableOptions/packageChecker.jar/search/packageChecker.jar.searchableOptions.xml
2025-10-24 10:37:44,985 [   5768]   INFO - STDOUT - Output written to /Users/vishnupk/generativepromptpluginsuggestionandroid/build/searchableOptions/platform-tracing-ide.jar/search/platform-tracing-ide.jar.searchableOptions.xml
2025-10-24 10:37:44,986 [   5769]   INFO - STDOUT - Output written to /Users/vishnupk/generativepromptpluginsuggestionandroid/build/searchableOptions/editorconfig.jar/search/editorconfig.jar.searchableOptions.xml
2025-10-24 10:37:44,988 [   5771]   INFO - STDOUT - Output written to /Users/vishnupk/generativepromptpluginsuggestionandroid/build/searchableOptions/vcs-github.jar/search/vcs-github.jar.searchableOptions.xml
2025-10-24 10:37:44,988 [   5771]   INFO - STDOUT - Output written to /Users/vishnupk/generativepromptpluginsuggestionandroid/build/searchableOptions/platform-langInjection.jar/search/platform-langInjection.jar.searchableOptions.xml
2025-10-24 10:37:44,989 [   5772]   INFO - STDOUT - Output written to /Users/vishnupk/generativepromptpluginsuggestionandroid/build/searchableOptions/platform-images.jar/search/platform-images.jar.searchableOptions.xml
2025-10-24 10:37:44,990 [   5773]   INFO - STDOUT - Output written to /Users/vishnupk/generativepromptpluginsuggestionandroid/build/searchableOptions/vcs-git.jar/search/vcs-git.jar.searchableOptions.xml
2025-10-24 10:37:44,992 [   5775]   INFO - STDOUT - Output written to /Users/vishnupk/generativepromptpluginsuggestionandroid/build/searchableOptions/kotlin-plugin.jar/search/kotlin-plugin.jar.searchableOptions.xml
2025-10-24 10:37:44,993 [   5776]   INFO - STDOUT - Output written to /Users/vishnupk/generativepromptpluginsuggestionandroid/build/searchableOptions/modules.jar/search/modules.jar.searchableOptions.xml
2025-10-24 10:37:44,993 [   5776]   INFO - STDOUT - Output written to /Users/vishnupk/generativepromptpluginsuggestionandroid/build/searchableOptions/indexing-shared.jar/search/indexing-shared.jar.searchableOptions.xml
2025-10-24 10:37:44,993 [   5776]   INFO - STDOUT - Output written to /Users/vishnupk/generativepromptpluginsuggestionandroid/build/searchableOptions/featuresTrainer.jar/search/featuresTrainer.jar.searchableOptions.xml
2025-10-24 10:37:44,993 [   5776]   INFO - STDOUT - Output written to /Users/vishnupk/generativepromptpluginsuggestionandroid/build/searchableOptions/kotlin-plugin.jar!/search/kotlin-plugin.jar!.searchableOptions.xml
2025-10-24 10:37:44,993 [   5776]   INFO - STDOUT - Output written to /Users/vishnupk/generativepromptpluginsuggestionandroid/build/searchableOptions/cwm-host.jar/search/cwm-host.jar.searchableOptions.xml
2025-10-24 10:37:44,993 [   5776]   INFO - STDOUT - Output written to /Users/vishnupk/generativepromptpluginsuggestionandroid/build/searchableOptions/gradle-java-maven.jar/search/gradle-java-maven.jar.searchableOptions.xml
2025-10-24 10:37:44,994 [   5777]   INFO - STDOUT - Output written to /Users/vishnupk/generativepromptpluginsuggestionandroid/build/searchableOptions/settingsSync.jar/search/settingsSync.jar.searchableOptions.xml
2025-10-24 10:37:44,994 [   5777]   INFO - STDOUT - Searchable options index builder completed
2025-10-24 10:37:44,994 [   5777]   INFO - #c.i.u.i.FileBasedIndexImpl - Index dispose started
2025-10-24 10:37:45,008 [   5791]   INFO - #c.i.p.s.StubIndexImpl - StubIndexExtension-s were unloaded
2025-10-24 10:37:45,008 [   5791]   INFO - #c.i.p.s.SerializationManagerImpl - Start shutting down /Users/vishnupk/generativepromptpluginsuggestionandroid/build/idea-sandbox/system/index/rep.names
2025-10-24 10:37:45,008 [   5791]   INFO - #c.i.p.s.SerializationManagerImpl - Finished shutting down /Users/vishnupk/generativepromptpluginsuggestionandroid/build/idea-sandbox/system/index/rep.names
2025-10-24 10:37:45,009 [   5792]   INFO - #c.i.u.i.FileBasedIndexImpl - Index dispose completed in 15ms.
2025-10-24 10:37:45,012 [   5795]   INFO - #c.i.o.v.n.p.PersistentFSImpl - VFS dispose started
2025-10-24 10:37:45,015 [   5798]   INFO - #c.i.o.v.n.p.PersistentFSImpl - VFS dispose completed in 3ms.
2025-10-24 10:37:45,023 [   5806]   INFO - #c.i.p.i.b.AppStarter - ------------------------------------------------------ IDE SHUTDOWN ------------------------------------------------------
2025-10-24 10:42:09,317 [     25]   INFO - #c.i.p.i.b.AppStarter - ------------------------------------------------------ IDE STARTED ------------------------------------------------------
2025-10-24 10:42:09,322 [     30]   INFO - #c.i.u.EnvironmentUtil - loading shell env is skipped: IDE has been launched from a terminal (SHLVL=1)
2025-10-24 10:42:09,329 [     37]   INFO - #c.i.i.p.PluginManager - Plugin PluginDescriptor(name=Groovy, id=org.intellij.groovy, descriptorPath=plugin.xml, path=~/.gradle/caches/modules-2/files-2.1/com.jetbrains.intellij.idea/ideaIC/2023.3.1/592822ae84dd5e9f1290f1c10132742718a183a5/ideaIC-2023.3.1/plugins/Groovy, version=233.11799.300, package=org.jetbrains.plugins.groovy, isBundled=true) misses optional descriptor duplicates-groovy.xml
2025-10-24 10:42:09,329 [     37]   INFO - #c.i.i.p.PluginManager - Plugin PluginDescriptor(name=Groovy, id=org.intellij.groovy, descriptorPath=plugin.xml, path=~/.gradle/caches/modules-2/files-2.1/com.jetbrains.intellij.idea/ideaIC/2023.3.1/592822ae84dd5e9f1290f1c10132742718a183a5/ideaIC-2023.3.1/plugins/Groovy, version=233.11799.300, package=org.jetbrains.plugins.groovy, isBundled=true) misses optional descriptor duplicates-detection-groovy.xml
2025-10-24 10:42:09,347 [     55]   INFO - #c.i.p.i.b.AppStarter - JNA library (64-bit) loaded in 26 ms
2025-10-24 10:42:09,349 [     57]   INFO - #c.i.p.i.b.AppStarter - IDE: IntelliJ IDEA (build #IC-233.11799.300, Tue, 12 Dec 2023 05:06:00 GMT)
2025-10-24 10:42:09,349 [     57]   INFO - #c.i.p.i.b.AppStarter - OS: Mac OS X (14.5)
2025-10-24 10:42:09,349 [     57]   INFO - #c.i.u.i.PageCacheUtils - File page caching params:
2025-10-24 10:42:09,350 [     58]   INFO - #c.i.u.i.PageCacheUtils - 	DEFAULT_PAGE_SIZE: 10485760
2025-10-24 10:42:09,350 [     58]   INFO - #c.i.u.i.PageCacheUtils - 	Direct memory to use, max: 2126512128
2025-10-24 10:42:09,350 [     58]   INFO - #c.i.u.i.PageCacheUtils - 	FilePageCache: regular + lock-free (LOCK_FREE_PAGE_CACHE_ENABLED:true)
2025-10-24 10:42:09,350 [     58]   INFO - #c.i.p.i.b.AppStarter - JRE: 17.0.9+7-b1087.7, aarch64 (JetBrains s.r.o.)
2025-10-24 10:42:09,351 [     59]   INFO - #c.i.p.i.b.AppStarter - JVM: 17.0.9+7-b1087.7 (OpenJDK 64-Bit Server VM)
2025-10-24 10:42:09,351 [     59]   INFO - #c.i.u.i.PageCacheUtils - 	NEW_PAGE_CACHE_MEMORY_FRACTION: 0.20000000298023224
2025-10-24 10:42:09,351 [     59]   INFO - #c.i.u.i.PageCacheUtils - 	Regular FilePageCache: 503316478 bytes
2025-10-24 10:42:09,351 [     59]   INFO - #c.i.u.i.PageCacheUtils - 	New     FilePageCache: 125829122 bytes (+ up to 10.0% overflow)
2025-10-24 10:42:09,351 [     59]   INFO - #c.i.u.i.PageCacheUtils - 	DirectByteBuffers pool: 104857600 bytes
2025-10-24 10:42:09,353 [     61]   INFO - #c.i.p.i.b.AppStarter - PID: 67930
2025-10-24 10:42:09,354 [     62]   INFO - #c.i.i.p.PluginManager - Using broken plugins file from IDE distribution
2025-10-24 10:42:09,356 [     64]   INFO - #c.i.p.i.b.AppStarter - JVM options: [-Daether.connector.resumeDownloads=false, -Dapple.awt.application.appearance=system, -Dapple.awt.fileDialogForDirectories=true, -Dapple.laf.useScreenMenuBar=true, -Didea.auto.reload.plugins=true, -Didea.classpath.index.enabled=false, -Didea.config.path=/Users/vishnupk/generativepromptpluginsuggestionandroid/build/idea-sandbox/config, -Didea.is.internal=true, -Didea.log.path=/Users/vishnupk/generativepromptpluginsuggestionandroid/build/idea-sandbox/system/log, -Didea.paths.selector=IdeaIC2023.3, -Didea.platform.prefix=Idea, -Didea.plugin.in.sandbox.mode=true, -Didea.plugins.path=/Users/vishnupk/generativepromptpluginsuggestionandroid/build/idea-sandbox/plugins, -Didea.required.plugins.id=com.vishnuu.gpsplugin, -Didea.smooth.progress=false, -Didea.system.path=/Users/vishnupk/generativepromptpluginsuggestionandroid/build/idea-sandbox/system, -Didea.vendor.name=JetBrains, -Dintellij.platform.runtime.repository.path=/Users/vishnupk/.gradle/caches/modules-2/files-2.1/com.jetbrains.intellij.idea/ideaIC/2023.3.1/592822ae84dd5e9f1290f1c10132742718a183a5/ideaIC-2023.3.1/modules/module-descriptors.jar, -Djava.system.class.loader=com.intellij.util.lang.PathClassLoader, -Djbr.catch.SIGABRT=true, -Djdk.attach.allowAttachSelf=true, -Djdk.http.auth.tunneling.disabledSchemes="", -Djdk.module.illegalAccess.silent=true, -Djna.boot.library.path=/Users/vishnupk/.gradle/caches/modules-2/files-2.1/com.jetbrains.intellij.idea/ideaIC/2023.3.1/592822ae84dd5e9f1290f1c10132742718a183a5/ideaIC-2023.3.1/lib/jna/aarch64, -Djna.noclasspath=true, -Djna.nosys=true, -Dpty4j.preferred.native.folder=/Users/vishnupk/.gradle/caches/modules-2/files-2.1/com.jetbrains.intellij.idea/ideaIC/2023.3.1/592822ae84dd5e9f1290f1c10132742718a183a5/ideaIC-2023.3.1/lib/pty4j, -Dsplash=true, -Dsun.io.useCanonCaches=false, -Dsun.java2d.metal=true, -XX:ReservedCodeCacheSize=512m, -XX:+UseG1GC, -XX:SoftRefLRUPolicyMSPerMB=50, -XX:CICompilerCount=2, -XX:+HeapDumpOnOutOfMemoryError, -XX:-OmitStackTraceInFastThrow, -XX:+IgnoreUnrecognizedVMOptions, -XX:CompileCommand=exclude,com/intellij/openapi/vfs/impl/FilePartNodeRoot,trieDescend, -javaagent:/Users/vishnupk/generativepromptpluginsuggestionandroid/build/tmp/initializeIntelliJPlugin/coroutines-javaagent.jar, --add-opens=java.base/java.io=ALL-UNNAMED, --add-opens=java.base/java.lang=ALL-UNNAMED, --add-opens=java.base/java.lang.ref=ALL-UNNAMED, --add-opens=java.base/java.lang.reflect=ALL-UNNAMED, --add-opens=java.base/java.net=ALL-UNNAMED, --add-opens=java.base/java.nio=ALL-UNNAMED, --add-opens=java.base/java.nio.charset=ALL-UNNAMED, --add-opens=java.base/java.text=ALL-UNNAMED, --add-opens=java.base/java.time=ALL-UNNAMED, --add-opens=java.base/java.util=ALL-UNNAMED, --add-opens=java.base/java.util.concurrent=ALL-UNNAMED, --add-opens=java.base/java.util.concurrent.atomic=ALL-UNNAMED, --add-opens=java.base/java.util.concurrent.locks=ALL-UNNAMED, --add-opens=java.base/jdk.internal.vm=ALL-UNNAMED, --add-opens=java.base/sun.nio.ch=ALL-UNNAMED, --add-opens=java.base/sun.nio.fs=ALL-UNNAMED, --add-opens=java.base/sun.security.ssl=ALL-UNNAMED, --add-opens=java.base/sun.security.util=ALL-UNNAMED, --add-opens=java.base/sun.net.dns=ALL-UNNAMED, --add-opens=java.desktop/com.apple.eawt=ALL-UNNAMED, --add-opens=java.desktop/com.apple.eawt.event=ALL-UNNAMED, --add-opens=java.desktop/com.apple.laf=ALL-UNNAMED, --add-opens=java.desktop/java.awt=ALL-UNNAMED, --add-opens=java.desktop/java.awt.dnd.peer=ALL-UNNAMED, --add-opens=java.desktop/java.awt.event=ALL-UNNAMED, --add-opens=java.desktop/java.awt.image=ALL-UNNAMED, --add-opens=java.desktop/java.awt.peer=ALL-UNNAMED, --add-opens=java.desktop/java.awt.font=ALL-UNNAMED, --add-opens=java.desktop/javax.swing=ALL-UNNAMED, --add-opens=java.desktop/javax.swing.plaf.basic=ALL-UNNAMED, --add-opens=java.desktop/javax.swing.text.html=ALL-UNNAMED, --add-opens=java.desktop/sun.awt.datatransfer=ALL-UNNAMED, --add-opens=java.desktop/sun.awt.image=ALL-UNNAMED, --add-opens=java.desktop/sun.awt=ALL-UNNAMED, --add-opens=java.desktop/sun.font=ALL-UNNAMED, --add-opens=java.desktop/sun.java2d=ALL-UNNAMED, --add-opens=java.desktop/sun.lwawt=ALL-UNNAMED, --add-opens=java.desktop/sun.lwawt.macosx=ALL-UNNAMED, --add-opens=java.desktop/sun.swing=ALL-UNNAMED, --add-opens=java.desktop/com.sun.java.swing=ALL-UNNAMED, --add-opens=jdk.attach/sun.tools.attach=ALL-UNNAMED, --add-opens=jdk.compiler/com.sun.tools.javac.api=ALL-UNNAMED, --add-opens=jdk.internal.jvmstat/sun.jvmstat.monitor=ALL-UNNAMED, --add-opens=jdk.jdi/com.sun.tools.jdi=ALL-UNNAMED, -Xms128m, -Xmx2048m, -Dfile.encoding=UTF-8, -Duser.country=IN, -Duser.language=en, -Duser.variant, -ea]
2025-10-24 10:42:09,356 [     64]   INFO - #c.i.p.i.b.AppStarter - args: traverseUI /Users/vishnupk/generativepromptpluginsuggestionandroid/build/searchableOptions true
2025-10-24 10:42:09,357 [     65]   INFO - #c.i.p.i.b.AppStarter - library path: /Users/vishnupk/Library/Java/Extensions:/Library/Java/Extensions:/Network/Library/Java/Extensions:/System/Library/Java/Extensions:/usr/lib/java:.
2025-10-24 10:42:09,357 [     65]   INFO - #c.i.p.i.b.AppStarter - boot library path: /Users/vishnupk/.gradle/caches/modules-2/files-2.1/com.jetbrains/jbre/jbr_jcef-17.0.9-osx-aarch64-b1087.7/extracted/jbr_jcef-17.0.9-osx-aarch64-b1087.7/Contents/Home/lib
2025-10-24 10:42:09,367 [     75]   INFO - #c.i.p.i.b.AppStarter - locale=en_IN JNU=UTF-8 file.encoding=UTF-8
    idea.config.path=/Users/vishnupk/generativepromptpluginsuggestionandroid/build/idea-sandbox/config
    idea.system.path=/Users/vishnupk/generativepromptpluginsuggestionandroid/build/idea-sandbox/system
    idea.plugins.path=/Users/vishnupk/generativepromptpluginsuggestionandroid/build/idea-sandbox/plugins
    idea.log.path=/Users/vishnupk/generativepromptpluginsuggestionandroid/build/idea-sandbox/system/log
2025-10-24 10:42:09,369 [     77]   INFO - #c.i.p.i.b.AppStarter - CPU cores: 8; ForkJoinPool.commonPool: java.util.concurrent.ForkJoinPool@3697798a[Running, parallelism = 8, size = 0, active = 0, running = 0, steals = 0, tasks = 0, submissions = 0]; factory: com.intellij.concurrency.IdeaForkJoinWorkerThreadFactory@3d544b4d
2025-10-24 10:42:09,392 [    100]   INFO - #c.i.i.p.PluginManager - Module intellij.sh.python is not enabled because dependency com.intellij.modules.python is not available
Module intellij.space.gateway is not enabled because dependency com.jetbrains.gateway is not available
Module intellij.space.php is not enabled because dependency com.jetbrains.php is not available
Module intellij.groovy/ant is not enabled because dependency AntSupport is not available
Module intellij.space.index is not enabled because dependency intellij.indexing.shared is not available
Module intellij.qodana.jvm.swagger is not enabled because dependency com.intellij.swagger is not available
Module intellij.qodana.python is not enabled because dependency Pythonid is not available
Module intellij.qodana.php is not enabled because dependency com.jetbrains.php is not available
Module intellij.qodana.js is not enabled because dependency JavaScript is not available
Module intellij.packageChecker.python is not enabled because dependency com.intellij.modules.python is not available
Module intellij.packageChecker.javascript is not enabled because dependency JavaScript is not available
Module intellij.packageChecker.go is not enabled because dependency org.jetbrains.plugins.go is not available
2025-10-24 10:42:09,401 [    109]   INFO - #c.i.i.p.PluginManager - Loaded bundled plugins: NetBeans Keymap (233.11799.300), Eclipse Interoperability (233.11799.300), EditorConfig (233.11799.300), intellij.platform.ijent.impl (233.11799.300), Performance Testing (233.11799.300), Groovy (233.11799.300), Java Bytecode Decompiler (233.11799.300), Turbo Complete (233.11799.300), Task Management (233.11799.300), com.intellij.dev (233.11799.300), WebP Support (233.11799.300), IDEA CORE (233.11799.300), Gradle-Java-Analysis (233.11799.300), Settings Sync (233.11799.300), JetBrains Repository Search (233.11799.300), Grazie Lite (233.11799.300), Terminal (233.11799.300), Qodana (233.11799.300), TextMate Bundles (233.11799.300), Emoji Picker (233.11799.300), Java Stream Debugger (233.11799.300), HTML Tools (233.11799.300), Shell Script (233.11799.300), Java Internationalization (233.11799.300), com.intellij.tracing.ide (233.11799.300), Perforce Helix Core (233.11799.300), JetBrains Marketplace Licensing (233.11799.300), Machine Learning Code Completion (233.11799.300), Gradle DSL API (233.11799.300), Package Checker (233.11799.300), Gradle (233.11799.300), Gradle-Java (233.11799.300), Copyright (233.11799.300), Async Profiler for IDE Performance Testing (233.11799.300), JavaFX (233.11799.300), Markdown (233.11799.300), Code Coverage for Java (233.11799.300), YAML (233.11799.300), Code With Me (233.11799.300), Toml (233.11799.300), IntelliLang (233.11799.300), Visual Studio Keymap (233.11799.300), GitLab (233.11799.300), Gradle-Maven (233.11799.300), TestNG (233.11799.300), Java (233.11799.300), Git (233.11799.300), Subversion (233.11799.300), Properties (233.11799.300), Shared Indexes (233.11799.300), IDE Features Trainer (233.11799.300), UI Designer (233.11799.300), JUnit (233.11799.300), GitHub (233.11799.300), Space (233.11799.300), Configuration Script (233.11799.300), Eclipse Keymap (233.11799.300), Maven (233.11799.300), Mercurial (233.11799.300), Images (233.11799.300), Machine Learning in Search Everywhere (233.11799.300), Bytecode Viewer (233.11799.300), Gradle Dependency Updater Implementation (233.11799.300), Kotlin (233.11799.300-IJ), JetBrains maven model api classes (233.11799.300), Java IDE Customization (233.11799.300), Maven server api classes (233.11799.300)
2025-10-24 10:42:09,401 [    109]   INFO - #c.i.i.p.PluginManager - Loaded custom plugins: Generative Prompts (1.0.0)
2025-10-24 10:42:09,537 [    245]   INFO - #c.i.o.v.n.p.FSRecords - VFS health-check enabled: first after 600000 ms, and each following 43200000 ms
2025-10-24 10:42:09,569 [    277]   INFO - #c.i.a.o.PathMacrosImpl - Loaded path macros: {MAVEN_REPOSITORY=/Users/vishnupk/.m2/repository}
2025-10-24 10:42:09,579 [    287]   WARN - #c.i.s.ComponentManagerImpl - `preload=true` must be used only for core services (service=com.jetbrains.rdserver.statistics.BackendStatisticsManager, plugin=com.jetbrains.codeWithMe)
2025-10-24 10:42:09,647 [    355]   INFO - #c.i.o.v.n.p.PersistentFSLoader - VFS uses 'fast' names enumerator (over mmapped file)
2025-10-24 10:42:09,647 [    355]   INFO - #c.i.o.v.n.p.PersistentFSLoader - VFS uses content storage over new FilePageCache
2025-10-24 10:42:09,648 [    356]   INFO - #c.i.o.v.n.p.PersistentFSLoader - VFS uses streamlined attributes storage (over mmapped file)
2025-10-24 10:42:09,648 [    356]   INFO - #c.i.o.v.n.p.PersistentFSLoader - VFS uses content hash storage over mmapped file
2025-10-24 10:42:09,650 [    358]   INFO - #c.i.i.p.ExpiredPluginsState - Plugins to skip: []
2025-10-24 10:42:09,692 [    400]   INFO - #c.i.o.v.n.p.PersistentFSLoader - VFS: impl (expected) version=846656, 14 file records, 0 content blobs
2025-10-24 10:42:09,702 [    410]   INFO - #c.j.r.p.c.a.u.F.L - Start Wire Storage check: Check Wire Buffer Size
2025-10-24 10:42:09,702 [    410]   INFO - #c.i.o.v.n.p.FSRecordsImpl - VFS initialized: 64 ms, 0 failed attempts, 0 error(s) were recovered
2025-10-24 10:42:09,703 [    411]   INFO - #c.i.o.v.n.p.FSRecordsImpl - VFS scanned: file-by-name index was populated
2025-10-24 10:42:09,732 [    440]   WARN - #c.i.u.n.s.ConfirmingTrustManager - Received an empty list of custom trusted root certificates from the system. Check log above for possible errors, enable debug logging in category 'org.jetbrains.nativecerts' for more information
2025-10-24 10:42:09,734 [    442]   INFO - #c.i.u.n.s.CertificateManager - Default SSL context initialized
2025-10-24 10:42:09,746 [    454]   INFO - #o.j.i.BuiltInServerManager - built-in server started, port 63343
2025-10-24 10:42:09,810 [    518]   WARN - #c.i.s.ComponentManagerImpl - com.intellij.psi.search.FilenameIndex initializer requests com.intellij.ide.plugins.PluginUtil instance
2025-10-24 10:42:09,816 [    524]   INFO - #c.i.o.v.i.l.NativeFileWatcherImpl - Native file watcher is disabled
2025-10-24 10:42:09,859 [    567]   INFO - #c.i.i.s.p.i.SharedIndexMainZipStorage - Shared Indexes Storage is opened and empty
2025-10-24 10:42:10,195 [    903]   INFO - #c.i.u.i.FileBasedIndexImpl - Indices to be built:FilenameIndex(v = 258)
2025-10-24 10:42:10,198 [    906]   INFO - #c.i.u.i.FileBasedIndexImpl - Using nice flusher for indexes
2025-10-24 10:42:10,201 [    909]   INFO - #c.i.u.i.IndexDataInitializer - Index data initialization done: 394 ms. Initialized indexes: [filetypes, FilenameIndex, DomFileIndex, Trigram.Index, IdIndex, TodoIndex, fileIncludes, FrameworkDetectionIndex, RelaxSymbolIndex, json.file.root.values, html5.custom.attributes.index, XmlNamespaces, editorconfig.index.name, XmlTagNames, SchemaTypeInheritance, java.auto.module.name, xmlProperties, java.null.method.argument, HtmlTagIdIndex, java.source.module.name, yaml.keys.name, JavaFxControllerClassIndex, java.fun.expression, java.binary.plus.expression, bytecodeAnalysis, javafx.id.name, javafx.custom.component, org.jetbrains.kotlin.idea.versions.KotlinJvmMetadataVersionIndex, org.jetbrains.kotlin.idea.versions.KotlinJsMetadataVersionIndex, org.jetbrains.kotlin.idea.vfilefinder.KotlinMetadataFileIndex, org.jetbrains.kotlin.idea.vfilefinder.KotlinPartialPackageNamesIndex, org.jetbrains.kotlin.idea.vfilefinder.KotlinClassFileIndex, org.jetbrains.kotlin.idea.vfilefinder.KotlinJavaScriptMetaFileIndex, org.jetbrains.kotlin.idea.vfilefinder.KotlinMetadataFilePackageIndex, org.jetbrains.kotlin.idea.vfilefinder.KotlinJvmModuleAnnotationsIndex, org.jetbrains.kotlin.idea.vfilefinder.KotlinModuleMappingIndex, Stubs, org.jetbrains.kotlin.idea.vfilefinder.KotlinShortClassNameFileIndex, org.jetbrains.kotlin.idea.vfilefinder.KotlinStdlibIndex, org.jetbrains.kotlin.idea.vfilefinder.KotlinPackageSourcesMemberNamesIndex, org.jetbrains.kotlin.idea.vfilefinder.KotlinBuiltInsMetadataIndex, org.jetbrains.kotlin.idea.base.indices.names.KotlinTopLevelCallableByPackageShortNameIndex, org.jetbrains.kotlin.idea.base.indices.names.KotlinTopLevelClassLikeDeclarationByPackageShortNameIndex, org.jetbrains.kotlin.idea.vfilefinder.KlibMetaFileIndex, com.intellij.uiDesigner.FormClassIndex].
2025-10-24 10:42:10,257 [    965]   INFO - #c.i.u.i.IndexDataInitializer - Index data initialization done: 54 ms. Initialized stub indexes: {jvm.static.member.name, markdown.header.anchor, java.method.name, java.class.extlist, org.jetbrains.kotlin.idea.stubindex.KotlinClassShortNameIndex, gr.anonymous.class, java.method.parameter.types, org.jetbrains.kotlin.idea.stubindex.KotlinTopLevelTypeAliasFqNameIndex, org.jetbrains.kotlin.idea.stubindex.KotlinProbablyContractedFunctionShortNameIndex, org.jetbrains.kotlin.idea.stubindex.KotlinScriptFqnIndex, org.jetbrains.kotlin.idea.stubindex.KotlinPropertyShortNameIndex, properties.index, gr.annot.method.name, org.jetbrains.kotlin.idea.stubindex.KotlinOverridableInternalMembersShortNameIndex, gr.script.class, org.jetbrains.kotlin.idea.stubindex.KotlinSuperClassIndex, org.jetbrains.kotlin.idea.stubindex.KotlinTopLevelPropertyFqnNameIndex, java.module.name, org.jetbrains.kotlin.idea.stubindex.KotlinSubclassObjectNameIndex, org.jetbrains.kotlin.idea.stubindex.KotlinFileFacadeClassByPackageIndex, org.jetbrains.kotlin.idea.stubindex.KotlinFilePartClassIndex, org.jetbrains.kotlin.idea.stubindex.KotlinTopLevelFunctionFqnNameIndex, org.jetbrains.kotlin.idea.stubindex.KotlinInnerTypeAliasClassIdIndex, org.jetbrains.kotlin.idea.stubindex.KotlinProbablyNothingFunctionShortNameIndex, java.annotations, java.class.shortname, org.jetbrains.kotlin.idea.stubindex.KotlinFunctionShortNameIndex, org.jetbrains.kotlin.idea.stubindex.KotlinTopLevelClassByPackageIndex, org.jetbrains.kotlin.idea.stubindex.KotlinTypeAliasByExpansionShortNameIndex, dom.namespaceKey, gr.script.fqn.s, gr.class.super, org.jetbrains.kotlin.idea.stubindex.KotlinJvmNameAnnotationIndex, org.jetbrains.kotlin.idea.stubindex.KotlinTopLevelPropertyByPackageIndex, java.field.name, gr.class.fqn.s, org.jetbrains.kotlin.idea.stubindex.KotlinFileFacadeFqNameIndex, java.anonymous.baseref, org.jetbrains.kotlin.idea.stubindex.KotlinTopLevelTypeAliasByPackageIndex, org.jetbrains.kotlin.idea.stubindex.KotlinAnnotationsIndex, org.jetbrains.kotlin.idea.stubindex.KotlinMultifileClassPartIndex, markdown.header, org.jetbrains.kotlin.idea.stubindex.KotlinTopLevelExtensionsByReceiverTypeIndex, gr.method.name, java.unnamed.class, org.jetbrains.kotlin.idea.stubindex.KotlinFullClassNameIndex, org.jetbrains.kotlin.idea.stubindex.KotlinFileFacadeShortNameIndex, java.class.fqn, kotlin.primeIndexKey, dom.elementClass, gr.field.name, org.jetbrains.kotlin.idea.stubindex.KotlinTypeAliasShortNameIndex, jvm.static.member.type, org.jetbrains.kotlin.idea.stubindex.KotlinExactPackagesIndex, org.jetbrains.kotlin.idea.stubindex.KotlinExtensionsInObjectsByReceiverTypeIndex, gr.annot.members, org.jetbrains.kotlin.idea.stubindex.KotlinTopLevelFunctionByPackageIndex, org.jetbrains.kotlin.idea.stubindex.KotlinProbablyNothingPropertyShortNameIndex}.
2025-10-24 10:42:10,551 [   1259]   WARN - #c.i.s.ComponentManagerImpl - org.zmlx.hg4idea.provider.HgChangeProvider initializer requests com.intellij.openapi.vcs.FileStatusFactory instance
2025-10-24 10:42:11,227 [   1935]   INFO - #c.i.i.p.n.PluginsGroupComponentWithProgress - Marketplace tab: loading stopped
2025-10-24 10:42:11,242 [   1950]   INFO - #c.i.i.p.PluginManagerConfigurable - Marketplace tab: 'Staff Picks' group load started
2025-10-24 10:42:11,610 [   2318]   INFO - #c.i.i.p.PluginManagerConfigurable - Marketplace tab: 'Staff Picks' group load finished
2025-10-24 10:42:11,611 [   2319]   INFO - #c.i.i.p.PluginManagerConfigurable - Marketplace tab: 'New and Updated' group load started
2025-10-24 10:42:11,858 [   2566]   INFO - #c.i.i.p.PluginManagerConfigurable - Marketplace tab: 'New and Updated' group load finished
2025-10-24 10:42:11,858 [   2566]   INFO - #c.i.i.p.PluginManagerConfigurable - Marketplace tab: 'Top Downloads' group load started
2025-10-24 10:42:11,882 [   2590]   WARN - #c.i.s.ComponentManagerImpl - com.intellij.codeInsight.daemon.LineMarkerProviders initializer requests com.intellij.codeInsight.daemon.LineMarkerProviders instance
2025-10-24 10:42:12,151 [   2859]   INFO - #c.i.i.p.PluginManagerConfigurable - Marketplace tab: 'Top Downloads' group load finished
2025-10-24 10:42:12,151 [   2859]   INFO - #c.i.i.p.PluginManagerConfigurable - Marketplace tab: 'Top Rated' group load started
2025-10-24 10:42:12,265 [   2973]   INFO - #c.i.o.a.i.NonBlockingReadActionImpl - OTel monitoring for NonBlockingReadAction is enabled
2025-10-24 10:42:12,401 [   3109]   INFO - #c.i.i.p.PluginManagerConfigurable - Marketplace tab: 'Top Rated' group load finished
2025-10-24 10:42:12,664 [   3372]   WARN - #c.i.s.ComponentManagerImpl - com.intellij.psi.LanguageSubstitutors initializer requests com.intellij.psi.LanguageSubstitutors instance
2025-10-24 10:42:13,780 [   4488]   INFO - #c.i.r.OsRegistryConfigProvider - Looking for 'lobbyServerUrl' value in [/Library/Application Support/JetBrains/CodeWithMe/lobbyServerUrl, /Library/Application Support/JetBrains/CodeWithMe/config.json, /Users/vishnupk/Library/Application Support/JetBrains/CodeWithMe/lobbyServerUrl, /Users/vishnupk/Library/Application Support/JetBrains/CodeWithMe/config.json]
2025-10-24 10:42:13,781 [   4489]   INFO - #c.i.r.OsRegistryConfigProvider - OS provided value for 'lobbyServerUrl' is not found
2025-10-24 10:42:13,781 [   4489]   INFO - #c.j.r.p.c.u.CodeWithMeSystemSettings - Setting default value='https://code-with-me.jetbrains.com'
2025-10-24 10:42:13,788 [   4496]   INFO - #c.i.r.OsRegistryConfigProvider - Looking for 'lobbyServerUrl' value in [/Library/Application Support/JetBrains/CodeWithMe/lobbyServerUrl, /Library/Application Support/JetBrains/CodeWithMe/config.json, /Users/vishnupk/Library/Application Support/JetBrains/CodeWithMe/lobbyServerUrl, /Users/vishnupk/Library/Application Support/JetBrains/CodeWithMe/config.json]
2025-10-24 10:42:13,788 [   4496]   INFO - #c.i.r.OsRegistryConfigProvider - OS provided value for 'lobbyServerUrl' is not found
2025-10-24 10:42:13,788 [   4496]   INFO - #c.j.r.p.c.u.CodeWithMeSystemSettings - Setting default value='https://code-with-me.jetbrains.com'
2025-10-24 10:42:13,937 [   4645]   WARN - #c.i.s.ComponentManagerImpl - com.intellij.psi.codeStyle.CodeStyleSettingsCustomizable initializer requests com.intellij.util.LocaleSensitiveApplicationCacheService instance
2025-10-24 10:42:14,848 [   5556]   WARN - #c.i.u.j.JBCefApp - JCEF is manually disabled in headless env via 'ide.browser.jcef.headless.enabled=false'
2025-10-24 10:42:14,853 [   5561]   INFO - #org.intellij.plugins.markdown.settings.MarkdownSettings - Migrating Markdown settings
2025-10-24 10:42:15,346 [   6054]   INFO - STDOUT - Found 205 configurables
2025-10-24 10:42:15,383 [   6091]   INFO - #c.i.i.p.n.PluginsGroupComponentWithProgress - Marketplace tab: loading stopped
2025-10-24 10:42:16,160 [   6868]   INFO - STDOUT - Output written to /Users/vishnupk/generativepromptpluginsuggestionandroid/build/searchableOptions/textmate.jar/search/textmate.jar.searchableOptions.xml
2025-10-24 10:42:16,162 [   6870]   INFO - STDOUT - Output written to /Users/vishnupk/generativepromptpluginsuggestionandroid/build/searchableOptions/markdown.jar/search/markdown.jar.searchableOptions.xml
2025-10-24 10:42:16,163 [   6871]   INFO - STDOUT - Output written to /Users/vishnupk/generativepromptpluginsuggestionandroid/build/searchableOptions/IntelliLang.jar/search/IntelliLang.jar.searchableOptions.xml
2025-10-24 10:42:16,163 [   6871]   INFO - STDOUT - Output written to /Users/vishnupk/generativepromptpluginsuggestionandroid/build/searchableOptions/eclipse.jar/search/eclipse.jar.searchableOptions.xml
2025-10-24 10:42:16,163 [   6871]   INFO - STDOUT - Output written to /Users/vishnupk/generativepromptpluginsuggestionandroid/build/searchableOptions/tasks-core.jar/search/tasks-core.jar.searchableOptions.xml
2025-10-24 10:42:16,164 [   6872]   INFO - STDOUT - Output written to /Users/vishnupk/generativepromptpluginsuggestionandroid/build/searchableOptions/sh.jar/search/sh.jar.searchableOptions.xml
2025-10-24 10:42:16,165 [   6873]   INFO - STDOUT - Output written to /Users/vishnupk/generativepromptpluginsuggestionandroid/build/searchableOptions/java-coverage.jar/search/java-coverage.jar.searchableOptions.xml
2025-10-24 10:42:16,165 [   6873]   INFO - STDOUT - Output written to /Users/vishnupk/generativepromptpluginsuggestionandroid/build/searchableOptions/java-impl.jar!/search/java-impl.jar!.searchableOptions.xml
2025-10-24 10:42:16,165 [   6873]   INFO - STDOUT - Output written to /Users/vishnupk/generativepromptpluginsuggestionandroid/build/searchableOptions/javaFX.jar!/search/javaFX.jar!.searchableOptions.xml
2025-10-24 10:42:16,166 [   6874]   INFO - STDOUT - Output written to /Users/vishnupk/generativepromptpluginsuggestionandroid/build/searchableOptions/searchEverywhereMl.jar/search/searchEverywhereMl.jar.searchableOptions.xml
2025-10-24 10:42:16,166 [   6874]   INFO - STDOUT - Output written to /Users/vishnupk/generativepromptpluginsuggestionandroid/build/searchableOptions/idea-junit.jar!/search/idea-junit.jar!.searchableOptions.xml
2025-10-24 10:42:16,167 [   6875]   INFO - STDOUT - Output written to /Users/vishnupk/generativepromptpluginsuggestionandroid/build/searchableOptions/uiDesigner.jar/search/uiDesigner.jar.searchableOptions.xml
2025-10-24 10:42:16,167 [   6875]   INFO - STDOUT - Output written to /Users/vishnupk/generativepromptpluginsuggestionandroid/build/searchableOptions/javaFX.jar/search/javaFX.jar.searchableOptions.xml
2025-10-24 10:42:16,168 [   6876]   INFO - STDOUT - Output written to /Users/vishnupk/generativepromptpluginsuggestionandroid/build/searchableOptions/dev.jar/search/dev.jar.searchableOptions.xml
2025-10-24 10:42:16,168 [   6876]   INFO - STDOUT - Output written to /Users/vishnupk/generativepromptpluginsuggestionandroid/build/searchableOptions/space.jar/search/space.jar.searchableOptions.xml
2025-10-24 10:42:16,169 [   6877]   INFO - STDOUT - Output written to /Users/vishnupk/generativepromptpluginsuggestionandroid/build/searchableOptions/cwm-plugin-terminal.jar/search/cwm-plugin-terminal.jar.searchableOptions.xml
2025-10-24 10:42:16,170 [   6878]   INFO - STDOUT - Output written to /Users/vishnupk/generativepromptpluginsuggestionandroid/build/searchableOptions/vcs-svn.jar/search/vcs-svn.jar.searchableOptions.xml
2025-10-24 10:42:16,170 [   6878]   INFO - STDOUT - Output written to /Users/vishnupk/generativepromptpluginsuggestionandroid/build/searchableOptions/byteCodeViewer.jar/search/byteCodeViewer.jar.searchableOptions.xml
2025-10-24 10:42:16,170 [   6878]   INFO - STDOUT - Output written to /Users/vishnupk/generativepromptpluginsuggestionandroid/build/searchableOptions/testng-plugin.jar!/search/testng-plugin.jar!.searchableOptions.xml
2025-10-24 10:42:16,171 [   6879]   INFO - STDOUT - Output written to /Users/vishnupk/generativepromptpluginsuggestionandroid/build/searchableOptions/marketplace.jar/search/marketplace.jar.searchableOptions.xml
2025-10-24 10:42:16,173 [   6881]   INFO - STDOUT - Output written to /Users/vishnupk/generativepromptpluginsuggestionandroid/build/searchableOptions/maven.jar/search/maven.jar.searchableOptions.xml
2025-10-24 10:42:16,174 [   6882]   INFO - STDOUT - Output written to /Users/vishnupk/generativepromptpluginsuggestionandroid/build/searchableOptions/copyright.jar/search/copyright.jar.searchableOptions.xml
2025-10-24 10:42:16,174 [   6882]   INFO - STDOUT - Output written to /Users/vishnupk/generativepromptpluginsuggestionandroid/build/searchableOptions/maven.jar!/search/maven.jar!.searchableOptions.xml
2025-10-24 10:42:16,175 [   6883]   INFO - STDOUT - Output written to /Users/vishnupk/generativepromptpluginsuggestionandroid/build/searchableOptions/Groovy.jar/search/Groovy.jar.searchableOptions.xml
2025-10-24 10:42:16,176 [   6884]   INFO - STDOUT - Output written to /Users/vishnupk/generativepromptpluginsuggestionandroid/build/searchableOptions/terminal.jar/search/terminal.jar.searchableOptions.xml
2025-10-24 10:42:16,176 [   6884]   INFO - STDOUT - Output written to /Users/vishnupk/generativepromptpluginsuggestionandroid/build/searchableOptions/gradle-java.jar/search/gradle-java.jar.searchableOptions.xml
2025-10-24 10:42:16,176 [   6884]   INFO - STDOUT - Output written to /Users/vishnupk/generativepromptpluginsuggestionandroid/build/searchableOptions/performanceTesting-async.jar/search/performanceTesting-async.jar.searchableOptions.xml
2025-10-24 10:42:16,177 [   6885]   INFO - STDOUT - Output written to /Users/vishnupk/generativepromptpluginsuggestionandroid/build/searchableOptions/properties.jar/search/properties.jar.searchableOptions.xml
2025-10-24 10:42:16,179 [   6887]   INFO - STDOUT - Output written to /Users/vishnupk/generativepromptpluginsuggestionandroid/build/searchableOptions/java-impl.jar/search/java-impl.jar.searchableOptions.xml
2025-10-24 10:42:16,188 [   6896]   INFO - STDOUT - Output written to /Users/vishnupk/generativepromptpluginsuggestionandroid/build/searchableOptions/app-client.jar/search/app-client.jar.searchableOptions.xml
2025-10-24 10:42:16,189 [   6897]   INFO - STDOUT - Output written to /Users/vishnupk/generativepromptpluginsuggestionandroid/build/searchableOptions/html-tools.jar/search/html-tools.jar.searchableOptions.xml
2025-10-24 10:42:16,189 [   6897]   INFO - STDOUT - Output written to /Users/vishnupk/generativepromptpluginsuggestionandroid/build/searchableOptions/vcs-perforce.jar/search/vcs-perforce.jar.searchableOptions.xml
2025-10-24 10:42:16,190 [   6898]   INFO - STDOUT - Output written to /Users/vishnupk/generativepromptpluginsuggestionandroid/build/searchableOptions/java-debugger-streams.jar/search/java-debugger-streams.jar.searchableOptions.xml
2025-10-24 10:42:16,190 [   6898]   INFO - STDOUT - Output written to /Users/vishnupk/generativepromptpluginsuggestionandroid/build/searchableOptions/gradle.jar/search/gradle.jar.searchableOptions.xml
2025-10-24 10:42:16,190 [   6898]   INFO - STDOUT - Output written to /Users/vishnupk/generativepromptpluginsuggestionandroid/build/searchableOptions/testng-plugin.jar/search/testng-plugin.jar.searchableOptions.xml
2025-10-24 10:42:16,191 [   6899]   INFO - STDOUT - Output written to /Users/vishnupk/generativepromptpluginsuggestionandroid/build/searchableOptions/grazie.jar/search/grazie.jar.searchableOptions.xml
2025-10-24 10:42:16,191 [   6899]   INFO - STDOUT - Output written to /Users/vishnupk/generativepromptpluginsuggestionandroid/build/searchableOptions/qodana.jar/search/qodana.jar.searchableOptions.xml
2025-10-24 10:42:16,193 [   6901]   INFO - STDOUT - Output written to /Users/vishnupk/generativepromptpluginsuggestionandroid/build/searchableOptions/app.jar/search/app.jar.searchableOptions.xml
2025-10-24 10:42:16,194 [   6902]   INFO - STDOUT - Output written to /Users/vishnupk/generativepromptpluginsuggestionandroid/build/searchableOptions/instrumented-GenerativePrompts-1.0.0.jar/search/instrumented-GenerativePrompts-1.0.0.jar.searchableOptions.xml
2025-10-24 10:42:16,194 [   6902]   INFO - STDOUT - Output written to /Users/vishnupk/generativepromptpluginsuggestionandroid/build/searchableOptions/completionMlRanking.jar/search/completionMlRanking.jar.searchableOptions.xml
2025-10-24 10:42:16,194 [   6902]   INFO - STDOUT - Output written to /Users/vishnupk/generativepromptpluginsuggestionandroid/build/searchableOptions/java-decompiler.jar/search/java-decompiler.jar.searchableOptions.xml
2025-10-24 10:42:16,194 [   6902]   INFO - STDOUT - Output written to /Users/vishnupk/generativepromptpluginsuggestionandroid/build/searchableOptions/vcs-hg.jar/search/vcs-hg.jar.searchableOptions.xml
2025-10-24 10:42:16,194 [   6902]   INFO - STDOUT - Output written to /Users/vishnupk/generativepromptpluginsuggestionandroid/build/searchableOptions/performanceTesting.jar/search/performanceTesting.jar.searchableOptions.xml
2025-10-24 10:42:16,195 [   6903]   INFO - STDOUT - Output written to /Users/vishnupk/generativepromptpluginsuggestionandroid/build/searchableOptions/vcs-gitlab.jar/search/vcs-gitlab.jar.searchableOptions.xml
2025-10-24 10:42:16,195 [   6903]   INFO - STDOUT - Output written to /Users/vishnupk/generativepromptpluginsuggestionandroid/build/searchableOptions/cwm-common.jar/search/cwm-common.jar.searchableOptions.xml
2025-10-24 10:42:16,195 [   6903]   INFO - STDOUT - Output written to /Users/vishnupk/generativepromptpluginsuggestionandroid/build/searchableOptions/java-i18n.jar/search/java-i18n.jar.searchableOptions.xml
2025-10-24 10:42:16,195 [   6903]   INFO - STDOUT - Output written to /Users/vishnupk/generativepromptpluginsuggestionandroid/build/searchableOptions/Groovy.jar!/search/Groovy.jar!.searchableOptions.xml
2025-10-24 10:42:16,195 [   6903]   INFO - STDOUT - Output written to /Users/vishnupk/generativepromptpluginsuggestionandroid/build/searchableOptions/emojipicker.jar/search/emojipicker.jar.searchableOptions.xml
2025-10-24 10:42:16,196 [   6904]   INFO - STDOUT - Output written to /Users/vishnupk/generativepromptpluginsuggestionandroid/build/searchableOptions/toml.jar/search/toml.jar.searchableOptions.xml
2025-10-24 10:42:16,196 [   6904]   INFO - STDOUT - Output written to /Users/vishnupk/generativepromptpluginsuggestionandroid/build/searchableOptions/platform-ijent-impl.jar/search/platform-ijent-impl.jar.searchableOptions.xml
2025-10-24 10:42:16,196 [   6904]   INFO - STDOUT - Output written to /Users/vishnupk/generativepromptpluginsuggestionandroid/build/searchableOptions/idea-junit.jar/search/idea-junit.jar.searchableOptions.xml
2025-10-24 10:42:16,196 [   6904]   INFO - STDOUT - Output written to /Users/vishnupk/generativepromptpluginsuggestionandroid/build/searchableOptions/yaml.jar/search/yaml.jar.searchableOptions.xml
2025-10-24 10:42:16,197 [   6905]   INFO - STDOUT - Output written to /Users/vishnupk/generativepromptpluginsuggestionandroid/build/searchableOptions/packageChecker.jar/search/packageChecker.jar.searchableOptions.xml
2025-10-24 10:42:16,197 [   6905]   INFO - STDOUT - Output written to /Users/vishnupk/generativepromptpluginsuggestionandroid/build/searchableOptions/platform-tracing-ide.jar/search/platform-tracing-ide.jar.searchableOptions.xml
2025-10-24 10:42:16,197 [   6905]   INFO - STDOUT - Output written to /Users/vishnupk/generativepromptpluginsuggestionandroid/build/searchableOptions/editorconfig.jar/search/editorconfig.jar.searchableOptions.xml
2025-10-24 10:42:16,197 [   6905]   INFO - STDOUT - Output written to /Users/vishnupk/generativepromptpluginsuggestionandroid/build/searchableOptions/vcs-github.jar/search/vcs-github.jar.searchableOptions.xml
2025-10-24 10:42:16,197 [   6905]   INFO - STDOUT - Output written to /Users/vishnupk/generativepromptpluginsuggestionandroid/build/searchableOptions/platform-langInjection.jar/search/platform-langInjection.jar.searchableOptions.xml
2025-10-24 10:42:16,198 [   6906]   INFO - STDOUT - Output written to /Users/vishnupk/generativepromptpluginsuggestionandroid/build/searchableOptions/platform-images.jar/search/platform-images.jar.searchableOptions.xml
2025-10-24 10:42:16,199 [   6907]   INFO - STDOUT - Output written to /Users/vishnupk/generativepromptpluginsuggestionandroid/build/searchableOptions/vcs-git.jar/search/vcs-git.jar.searchableOptions.xml
2025-10-24 10:42:16,201 [   6909]   INFO - STDOUT - Output written to /Users/vishnupk/generativepromptpluginsuggestionandroid/build/searchableOptions/kotlin-plugin.jar/search/kotlin-plugin.jar.searchableOptions.xml
2025-10-24 10:42:16,201 [   6909]   INFO - STDOUT - Output written to /Users/vishnupk/generativepromptpluginsuggestionandroid/build/searchableOptions/modules.jar/search/modules.jar.searchableOptions.xml
2025-10-24 10:42:16,201 [   6909]   INFO - STDOUT - Output written to /Users/vishnupk/generativepromptpluginsuggestionandroid/build/searchableOptions/indexing-shared.jar/search/indexing-shared.jar.searchableOptions.xml
2025-10-24 10:42:16,202 [   6910]   INFO - STDOUT - Output written to /Users/vishnupk/generativepromptpluginsuggestionandroid/build/searchableOptions/featuresTrainer.jar/search/featuresTrainer.jar.searchableOptions.xml
2025-10-24 10:42:16,202 [   6910]   INFO - STDOUT - Output written to /Users/vishnupk/generativepromptpluginsuggestionandroid/build/searchableOptions/kotlin-plugin.jar!/search/kotlin-plugin.jar!.searchableOptions.xml
2025-10-24 10:42:16,202 [   6910]   INFO - STDOUT - Output written to /Users/vishnupk/generativepromptpluginsuggestionandroid/build/searchableOptions/cwm-host.jar/search/cwm-host.jar.searchableOptions.xml
2025-10-24 10:42:16,203 [   6911]   INFO - STDOUT - Output written to /Users/vishnupk/generativepromptpluginsuggestionandroid/build/searchableOptions/gradle-java-maven.jar/search/gradle-java-maven.jar.searchableOptions.xml
2025-10-24 10:42:16,203 [   6911]   INFO - STDOUT - Output written to /Users/vishnupk/generativepromptpluginsuggestionandroid/build/searchableOptions/settingsSync.jar/search/settingsSync.jar.searchableOptions.xml
2025-10-24 10:42:16,203 [   6911]   INFO - STDOUT - Searchable options index builder completed
2025-10-24 10:42:16,203 [   6911]   INFO - #c.i.u.i.FileBasedIndexImpl - Index dispose started
2025-10-24 10:42:16,223 [   6931]   INFO - #c.i.p.s.StubIndexImpl - StubIndexExtension-s were unloaded
2025-10-24 10:42:16,224 [   6932]   INFO - #c.i.p.s.SerializationManagerImpl - Start shutting down /Users/vishnupk/generativepromptpluginsuggestionandroid/build/idea-sandbox/system/index/rep.names
2025-10-24 10:42:16,224 [   6932]   INFO - #c.i.p.s.SerializationManagerImpl - Finished shutting down /Users/vishnupk/generativepromptpluginsuggestionandroid/build/idea-sandbox/system/index/rep.names
2025-10-24 10:42:16,225 [   6933]   INFO - #c.i.u.i.FileBasedIndexImpl - Index dispose completed in 22ms.
2025-10-24 10:42:16,228 [   6936]   INFO - #c.i.o.v.n.p.PersistentFSImpl - VFS dispose started
2025-10-24 10:42:16,231 [   6939]   INFO - #c.i.o.v.n.p.PersistentFSImpl - VFS dispose completed in 3ms.
2025-10-24 10:42:16,239 [   6947]   INFO - #c.i.p.i.b.AppStarter - ------------------------------------------------------ IDE SHUTDOWN ------------------------------------------------------
2025-10-24 11:12:23,493 [     10]   INFO - #c.i.p.i.b.AppStarter - ------------------------------------------------------ IDE STARTED ------------------------------------------------------
2025-10-24 11:12:23,498 [     15]   INFO - #c.i.i.p.PluginManager - Using broken plugins file from IDE distribution
2025-10-24 11:12:23,508 [     25]   INFO - #c.i.u.EnvironmentUtil - loading shell env is skipped: IDE has been launched from a terminal (SHLVL=1)
2025-10-24 11:12:23,519 [     36]   INFO - #c.i.u.i.PageCacheUtils - File page caching params:
2025-10-24 11:12:23,519 [     36]   INFO - #c.i.p.i.b.AppStarter - JNA library (64-bit) loaded in 11 ms
2025-10-24 11:12:23,519 [     36]   INFO - #c.i.u.i.PageCacheUtils - 	DEFAULT_PAGE_SIZE: 10485760
2025-10-24 11:12:23,520 [     37]   INFO - #c.i.u.i.PageCacheUtils - 	Direct memory to use, max: 2126512128
2025-10-24 11:12:23,520 [     37]   INFO - #c.i.u.i.PageCacheUtils - 	FilePageCache: regular + lock-free (LOCK_FREE_PAGE_CACHE_ENABLED:true)
2025-10-24 11:12:23,520 [     37]   INFO - #c.i.p.i.b.AppStarter - IDE: IntelliJ IDEA (build #IC-233.11799.300, Tue, 12 Dec 2023 05:06:00 GMT)
2025-10-24 11:12:23,521 [     38]   INFO - #c.i.p.i.b.AppStarter - OS: Mac OS X (14.5)
2025-10-24 11:12:23,521 [     38]   INFO - #c.i.p.i.b.AppStarter - JRE: 17.0.9+7-b1087.7, aarch64 (JetBrains s.r.o.)
2025-10-24 11:12:23,521 [     38]   INFO - #c.i.p.i.b.AppStarter - JVM: 17.0.9+7-b1087.7 (OpenJDK 64-Bit Server VM)
2025-10-24 11:12:23,521 [     38]   INFO - #c.i.u.i.PageCacheUtils - 	NEW_PAGE_CACHE_MEMORY_FRACTION: 0.20000000298023224
2025-10-24 11:12:23,522 [     39]   INFO - #c.i.u.i.PageCacheUtils - 	Regular FilePageCache: 503316478 bytes
2025-10-24 11:12:23,522 [     39]   INFO - #c.i.u.i.PageCacheUtils - 	New     FilePageCache: 125829122 bytes (+ up to 10.0% overflow)
2025-10-24 11:12:23,523 [     40]   INFO - #c.i.u.i.PageCacheUtils - 	DirectByteBuffers pool: 104857600 bytes
2025-10-24 11:12:23,525 [     42]   INFO - #c.i.p.i.b.AppStarter - PID: 68187
2025-10-24 11:12:23,527 [     44]   INFO - #c.i.p.i.b.AppStarter - JVM options: [-Daether.connector.resumeDownloads=false, -Dapple.awt.application.appearance=system, -Dapple.awt.fileDialogForDirectories=true, -Dapple.laf.useScreenMenuBar=true, -Didea.auto.reload.plugins=true, -Didea.classpath.index.enabled=false, -Didea.config.path=/Users/vishnupk/generativepromptpluginsuggestionandroid/build/idea-sandbox/config, -Didea.is.internal=true, -Didea.log.path=/Users/vishnupk/generativepromptpluginsuggestionandroid/build/idea-sandbox/system/log, -Didea.paths.selector=IdeaIC2023.3, -Didea.platform.prefix=Idea, -Didea.plugin.in.sandbox.mode=true, -Didea.plugins.path=/Users/vishnupk/generativepromptpluginsuggestionandroid/build/idea-sandbox/plugins, -Didea.required.plugins.id=com.vishnuu.gpsplugin, -Didea.smooth.progress=false, -Didea.system.path=/Users/vishnupk/generativepromptpluginsuggestionandroid/build/idea-sandbox/system, -Didea.vendor.name=JetBrains, -Dintellij.platform.runtime.repository.path=/Users/vishnupk/.gradle/caches/modules-2/files-2.1/com.jetbrains.intellij.idea/ideaIC/2023.3.1/592822ae84dd5e9f1290f1c10132742718a183a5/ideaIC-2023.3.1/modules/module-descriptors.jar, -Djava.system.class.loader=com.intellij.util.lang.PathClassLoader, -Djbr.catch.SIGABRT=true, -Djdk.attach.allowAttachSelf=true, -Djdk.http.auth.tunneling.disabledSchemes="", -Djdk.module.illegalAccess.silent=true, -Djna.boot.library.path=/Users/vishnupk/.gradle/caches/modules-2/files-2.1/com.jetbrains.intellij.idea/ideaIC/2023.3.1/592822ae84dd5e9f1290f1c10132742718a183a5/ideaIC-2023.3.1/lib/jna/aarch64, -Djna.noclasspath=true, -Djna.nosys=true, -Dpty4j.preferred.native.folder=/Users/vishnupk/.gradle/caches/modules-2/files-2.1/com.jetbrains.intellij.idea/ideaIC/2023.3.1/592822ae84dd5e9f1290f1c10132742718a183a5/ideaIC-2023.3.1/lib/pty4j, -Dsplash=true, -Dsun.io.useCanonCaches=false, -Dsun.java2d.metal=true, -XX:ReservedCodeCacheSize=512m, -XX:+UseG1GC, -XX:SoftRefLRUPolicyMSPerMB=50, -XX:CICompilerCount=2, -XX:+HeapDumpOnOutOfMemoryError, -XX:-OmitStackTraceInFastThrow, -XX:+IgnoreUnrecognizedVMOptions, -XX:CompileCommand=exclude,com/intellij/openapi/vfs/impl/FilePartNodeRoot,trieDescend, -javaagent:/Users/vishnupk/generativepromptpluginsuggestionandroid/build/tmp/initializeIntelliJPlugin/coroutines-javaagent.jar, --add-opens=java.base/java.io=ALL-UNNAMED, --add-opens=java.base/java.lang=ALL-UNNAMED, --add-opens=java.base/java.lang.ref=ALL-UNNAMED, --add-opens=java.base/java.lang.reflect=ALL-UNNAMED, --add-opens=java.base/java.net=ALL-UNNAMED, --add-opens=java.base/java.nio=ALL-UNNAMED, --add-opens=java.base/java.nio.charset=ALL-UNNAMED, --add-opens=java.base/java.text=ALL-UNNAMED, --add-opens=java.base/java.time=ALL-UNNAMED, --add-opens=java.base/java.util=ALL-UNNAMED, --add-opens=java.base/java.util.concurrent=ALL-UNNAMED, --add-opens=java.base/java.util.concurrent.atomic=ALL-UNNAMED, --add-opens=java.base/java.util.concurrent.locks=ALL-UNNAMED, --add-opens=java.base/jdk.internal.vm=ALL-UNNAMED, --add-opens=java.base/sun.nio.ch=ALL-UNNAMED, --add-opens=java.base/sun.nio.fs=ALL-UNNAMED, --add-opens=java.base/sun.security.ssl=ALL-UNNAMED, --add-opens=java.base/sun.security.util=ALL-UNNAMED, --add-opens=java.base/sun.net.dns=ALL-UNNAMED, --add-opens=java.desktop/com.apple.eawt=ALL-UNNAMED, --add-opens=java.desktop/com.apple.eawt.event=ALL-UNNAMED, --add-opens=java.desktop/com.apple.laf=ALL-UNNAMED, --add-opens=java.desktop/java.awt=ALL-UNNAMED, --add-opens=java.desktop/java.awt.dnd.peer=ALL-UNNAMED, --add-opens=java.desktop/java.awt.event=ALL-UNNAMED, --add-opens=java.desktop/java.awt.image=ALL-UNNAMED, --add-opens=java.desktop/java.awt.peer=ALL-UNNAMED, --add-opens=java.desktop/java.awt.font=ALL-UNNAMED, --add-opens=java.desktop/javax.swing=ALL-UNNAMED, --add-opens=java.desktop/javax.swing.plaf.basic=ALL-UNNAMED, --add-opens=java.desktop/javax.swing.text.html=ALL-UNNAMED, --add-opens=java.desktop/sun.awt.datatransfer=ALL-UNNAMED, --add-opens=java.desktop/sun.awt.image=ALL-UNNAMED, --add-opens=java.desktop/sun.awt=ALL-UNNAMED, --add-opens=java.desktop/sun.font=ALL-UNNAMED, --add-opens=java.desktop/sun.java2d=ALL-UNNAMED, --add-opens=java.desktop/sun.lwawt=ALL-UNNAMED, --add-opens=java.desktop/sun.lwawt.macosx=ALL-UNNAMED, --add-opens=java.desktop/sun.swing=ALL-UNNAMED, --add-opens=java.desktop/com.sun.java.swing=ALL-UNNAMED, --add-opens=jdk.attach/sun.tools.attach=ALL-UNNAMED, --add-opens=jdk.compiler/com.sun.tools.javac.api=ALL-UNNAMED, --add-opens=jdk.internal.jvmstat/sun.jvmstat.monitor=ALL-UNNAMED, --add-opens=jdk.jdi/com.sun.tools.jdi=ALL-UNNAMED, -Xms128m, -Xmx2048m, -Dfile.encoding=UTF-8, -Duser.country=IN, -Duser.language=en, -Duser.variant, -ea]
2025-10-24 11:12:23,527 [     44]   INFO - #c.i.p.i.b.AppStarter - args: traverseUI /Users/vishnupk/generativepromptpluginsuggestionandroid/build/searchableOptions true
2025-10-24 11:12:23,527 [     44]   INFO - #c.i.p.i.b.AppStarter - library path: /Users/vishnupk/Library/Java/Extensions:/Library/Java/Extensions:/Network/Library/Java/Extensions:/System/Library/Java/Extensions:/usr/lib/java:.
2025-10-24 11:12:23,527 [     44]   INFO - #c.i.p.i.b.AppStarter - boot library path: /Users/vishnupk/.gradle/caches/modules-2/files-2.1/com.jetbrains/jbre/jbr_jcef-17.0.9-osx-aarch64-b1087.7/extracted/jbr_jcef-17.0.9-osx-aarch64-b1087.7/Contents/Home/lib
2025-10-24 11:12:23,535 [     52]   INFO - #c.i.p.i.b.AppStarter - locale=en_IN JNU=UTF-8 file.encoding=UTF-8
    idea.config.path=/Users/vishnupk/generativepromptpluginsuggestionandroid/build/idea-sandbox/config
    idea.system.path=/Users/vishnupk/generativepromptpluginsuggestionandroid/build/idea-sandbox/system
    idea.plugins.path=/Users/vishnupk/generativepromptpluginsuggestionandroid/build/idea-sandbox/plugins
    idea.log.path=/Users/vishnupk/generativepromptpluginsuggestionandroid/build/idea-sandbox/system/log
2025-10-24 11:12:23,537 [     54]   INFO - #c.i.p.i.b.AppStarter - CPU cores: 8; ForkJoinPool.commonPool: java.util.concurrent.ForkJoinPool@13f33fc4[Running, parallelism = 8, size = 0, active = 0, running = 0, steals = 0, tasks = 0, submissions = 0]; factory: com.intellij.concurrency.IdeaForkJoinWorkerThreadFactory@5340ae48
2025-10-24 11:12:23,540 [     57]   INFO - #c.i.i.p.PluginManager - Module intellij.sh.python is not enabled because dependency com.intellij.modules.python is not available
Module intellij.space.gateway is not enabled because dependency com.jetbrains.gateway is not available
Module intellij.space.php is not enabled because dependency com.jetbrains.php is not available
Module intellij.groovy/ant is not enabled because dependency AntSupport is not available
Module intellij.space.index is not enabled because dependency intellij.indexing.shared is not available
Module intellij.qodana.jvm.swagger is not enabled because dependency com.intellij.swagger is not available
Module intellij.qodana.python is not enabled because dependency Pythonid is not available
Module intellij.qodana.php is not enabled because dependency com.jetbrains.php is not available
Module intellij.qodana.js is not enabled because dependency JavaScript is not available
Module intellij.packageChecker.python is not enabled because dependency com.intellij.modules.python is not available
Module intellij.packageChecker.javascript is not enabled because dependency JavaScript is not available
Module intellij.packageChecker.go is not enabled because dependency org.jetbrains.plugins.go is not available
2025-10-24 11:12:23,548 [     65]   INFO - #c.i.i.p.PluginManager - Loaded bundled plugins: TextMate Bundles (233.11799.300), Emoji Picker (233.11799.300), Java Stream Debugger (233.11799.300), HTML Tools (233.11799.300), Shell Script (233.11799.300), Java Internationalization (233.11799.300), com.intellij.tracing.ide (233.11799.300), Perforce Helix Core (233.11799.300), JetBrains Marketplace Licensing (233.11799.300), Machine Learning Code Completion (233.11799.300), Gradle DSL API (233.11799.300), Package Checker (233.11799.300), Gradle (233.11799.300), Gradle-Java (233.11799.300), Copyright (233.11799.300), Async Profiler for IDE Performance Testing (233.11799.300), JavaFX (233.11799.300), Markdown (233.11799.300), Code Coverage for Java (233.11799.300), YAML (233.11799.300), Code With Me (233.11799.300), Toml (233.11799.300), IntelliLang (233.11799.300), Visual Studio Keymap (233.11799.300), GitLab (233.11799.300), Gradle-Maven (233.11799.300), TestNG (233.11799.300), Java (233.11799.300), Git (233.11799.300), Subversion (233.11799.300), Properties (233.11799.300), Shared Indexes (233.11799.300), IDE Features Trainer (233.11799.300), UI Designer (233.11799.300), JUnit (233.11799.300), GitHub (233.11799.300), Space (233.11799.300), Configuration Script (233.11799.300), Eclipse Keymap (233.11799.300), Maven (233.11799.300), Mercurial (233.11799.300), Images (233.11799.300), Machine Learning in Search Everywhere (233.11799.300), Bytecode Viewer (233.11799.300), Gradle Dependency Updater Implementation (233.11799.300), Kotlin (233.11799.300-IJ), JetBrains maven model api classes (233.11799.300), Java IDE Customization (233.11799.300), Maven server api classes (233.11799.300), NetBeans Keymap (233.11799.300), Eclipse Interoperability (233.11799.300), EditorConfig (233.11799.300), intellij.platform.ijent.impl (233.11799.300), Performance Testing (233.11799.300), Groovy (233.11799.300), Java Bytecode Decompiler (233.11799.300), Turbo Complete (233.11799.300), Task Management (233.11799.300), com.intellij.dev (233.11799.300), WebP Support (233.11799.300), IDEA CORE (233.11799.300), Gradle-Java-Analysis (233.11799.300), Settings Sync (233.11799.300), JetBrains Repository Search (233.11799.300), Grazie Lite (233.11799.300), Terminal (233.11799.300), Qodana (233.11799.300)
2025-10-24 11:12:23,549 [     66]   INFO - #c.i.i.p.PluginManager - Loaded custom plugins: Generative Prompts (1.0.0)
2025-10-24 11:12:23,642 [    159]   INFO - #c.i.o.v.n.p.FSRecords - VFS health-check enabled: first after 600000 ms, and each following 43200000 ms
2025-10-24 11:12:23,665 [    182]   INFO - #c.i.a.o.PathMacrosImpl - Loaded path macros: {MAVEN_REPOSITORY=/Users/vishnupk/.m2/repository}
2025-10-24 11:12:23,671 [    188]   WARN - #c.i.s.ComponentManagerImpl - `preload=true` must be used only for core services (service=com.jetbrains.rdserver.statistics.BackendStatisticsManager, plugin=com.jetbrains.codeWithMe)
2025-10-24 11:12:23,700 [    217]   INFO - #c.j.r.p.c.a.u.F.L - Start Wire Storage check: Check Wire Buffer Size
2025-10-24 11:12:23,702 [    219]   INFO - #c.i.i.p.ExpiredPluginsState - Plugins to skip: []
2025-10-24 11:12:23,707 [    224]   INFO - #c.i.o.v.n.p.PersistentFSLoader - VFS uses content hash storage over mmapped file
2025-10-24 11:12:23,708 [    225]   INFO - #c.i.o.v.n.p.PersistentFSLoader - VFS uses 'fast' names enumerator (over mmapped file)
2025-10-24 11:12:23,708 [    225]   INFO - #c.i.o.v.n.p.PersistentFSLoader - VFS uses streamlined attributes storage (over mmapped file)
2025-10-24 11:12:23,708 [    225]   INFO - #c.i.o.v.n.p.PersistentFSLoader - VFS uses content storage over new FilePageCache
2025-10-24 11:12:23,743 [    260]   INFO - #c.i.o.v.n.p.PersistentFSLoader - VFS: impl (expected) version=846656, 14 file records, 0 content blobs
2025-10-24 11:12:23,754 [    271]   INFO - #c.i.o.v.n.p.FSRecordsImpl - VFS initialized: 52 ms, 0 failed attempts, 0 error(s) were recovered
2025-10-24 11:12:23,755 [    272]   INFO - #c.i.o.v.n.p.FSRecordsImpl - VFS scanned: file-by-name index was populated
2025-10-24 11:12:23,779 [    296]   WARN - #c.i.u.n.s.ConfirmingTrustManager - Received an empty list of custom trusted root certificates from the system. Check log above for possible errors, enable debug logging in category 'org.jetbrains.nativecerts' for more information
2025-10-24 11:12:23,792 [    309]   INFO - #c.i.u.n.s.CertificateManager - Default SSL context initialized
2025-10-24 11:12:23,801 [    318]   INFO - #o.j.i.BuiltInServerManager - built-in server started, port 63343
2025-10-24 11:12:23,869 [    386]   WARN - #c.i.s.ComponentManagerImpl - com.intellij.psi.search.FilenameIndex initializer requests com.intellij.ide.plugins.PluginUtil instance
2025-10-24 11:12:23,872 [    389]   INFO - #c.i.o.v.i.l.NativeFileWatcherImpl - Native file watcher is disabled
2025-10-24 11:12:23,907 [    424]   INFO - #c.i.i.s.p.i.SharedIndexMainZipStorage - Shared Indexes Storage is opened and empty
2025-10-24 11:12:23,998 [    515]   INFO - #c.i.u.i.FileBasedIndexImpl - Indices to be built:FilenameIndex(v = 258)
2025-10-24 11:12:24,001 [    518]   INFO - #c.i.u.i.FileBasedIndexImpl - Using nice flusher for indexes
2025-10-24 11:12:24,005 [    522]   INFO - #c.i.u.i.IndexDataInitializer - Index data initialization done: 137 ms. Initialized indexes: [filetypes, FilenameIndex, DomFileIndex, TodoIndex, Trigram.Index, IdIndex, fileIncludes, XmlTagNames, FrameworkDetectionIndex, XmlNamespaces, SchemaTypeInheritance, RelaxSymbolIndex, html5.custom.attributes.index, json.file.root.values, editorconfig.index.name, java.auto.module.name, yaml.keys.name, xmlProperties, HtmlTagIdIndex, java.null.method.argument, java.source.module.name, JavaFxControllerClassIndex, java.fun.expression, bytecodeAnalysis, java.binary.plus.expression, javafx.custom.component, javafx.id.name, org.jetbrains.kotlin.idea.versions.KotlinJvmMetadataVersionIndex, org.jetbrains.kotlin.idea.vfilefinder.KotlinClassFileIndex, org.jetbrains.kotlin.idea.vfilefinder.KotlinJavaScriptMetaFileIndex, org.jetbrains.kotlin.idea.versions.KotlinJsMetadataVersionIndex, org.jetbrains.kotlin.idea.vfilefinder.KotlinMetadataFileIndex, org.jetbrains.kotlin.idea.vfilefinder.KotlinPartialPackageNamesIndex, org.jetbrains.kotlin.idea.vfilefinder.KotlinBuiltInsMetadataIndex, org.jetbrains.kotlin.idea.vfilefinder.KotlinMetadataFilePackageIndex, org.jetbrains.kotlin.idea.vfilefinder.KotlinModuleMappingIndex, org.jetbrains.kotlin.idea.vfilefinder.KotlinStdlibIndex, Stubs, org.jetbrains.kotlin.idea.vfilefinder.KotlinPackageSourcesMemberNamesIndex, org.jetbrains.kotlin.idea.vfilefinder.KotlinJvmModuleAnnotationsIndex, org.jetbrains.kotlin.idea.base.indices.names.KotlinTopLevelCallableByPackageShortNameIndex, org.jetbrains.kotlin.idea.vfilefinder.KlibMetaFileIndex, org.jetbrains.kotlin.idea.vfilefinder.KotlinShortClassNameFileIndex, org.jetbrains.kotlin.idea.base.indices.names.KotlinTopLevelClassLikeDeclarationByPackageShortNameIndex, com.intellij.uiDesigner.FormClassIndex].
2025-10-24 11:12:24,073 [    590]   INFO - #c.i.u.i.IndexDataInitializer - Index data initialization done: 67 ms. Initialized stub indexes: {org.jetbrains.kotlin.idea.stubindex.KotlinProbablyNothingPropertyShortNameIndex, org.jetbrains.kotlin.idea.stubindex.KotlinJvmNameAnnotationIndex, org.jetbrains.kotlin.idea.stubindex.KotlinExactPackagesIndex, gr.anonymous.class, org.jetbrains.kotlin.idea.stubindex.KotlinTopLevelFunctionByPackageIndex, org.jetbrains.kotlin.idea.stubindex.KotlinTopLevelExtensionsByReceiverTypeIndex, jvm.static.member.name, java.anonymous.baseref, org.jetbrains.kotlin.idea.stubindex.KotlinInnerTypeAliasClassIdIndex, java.class.fqn, gr.class.super, dom.namespaceKey, org.jetbrains.kotlin.idea.stubindex.KotlinOverridableInternalMembersShortNameIndex, org.jetbrains.kotlin.idea.stubindex.KotlinTopLevelPropertyByPackageIndex, org.jetbrains.kotlin.idea.stubindex.KotlinMultifileClassPartIndex, org.jetbrains.kotlin.idea.stubindex.KotlinTopLevelTypeAliasFqNameIndex, properties.index, gr.annot.method.name, java.field.name, gr.annot.members, gr.script.class, org.jetbrains.kotlin.idea.stubindex.KotlinFunctionShortNameIndex, java.module.name, gr.method.name, markdown.header, jvm.static.member.type, org.jetbrains.kotlin.idea.stubindex.KotlinTypeAliasShortNameIndex, org.jetbrains.kotlin.idea.stubindex.KotlinSuperClassIndex, gr.field.name, dom.elementClass, org.jetbrains.kotlin.idea.stubindex.KotlinScriptFqnIndex, java.class.extlist, java.method.parameter.types, java.method.name, kotlin.primeIndexKey, org.jetbrains.kotlin.idea.stubindex.KotlinClassShortNameIndex, org.jetbrains.kotlin.idea.stubindex.KotlinSubclassObjectNameIndex, org.jetbrains.kotlin.idea.stubindex.KotlinFileFacadeClassByPackageIndex, org.jetbrains.kotlin.idea.stubindex.KotlinAnnotationsIndex, gr.script.fqn.s, org.jetbrains.kotlin.idea.stubindex.KotlinTopLevelFunctionFqnNameIndex, gr.class.fqn.s, org.jetbrains.kotlin.idea.stubindex.KotlinExtensionsInObjectsByReceiverTypeIndex, org.jetbrains.kotlin.idea.stubindex.KotlinFilePartClassIndex, org.jetbrains.kotlin.idea.stubindex.KotlinTopLevelTypeAliasByPackageIndex, java.annotations, org.jetbrains.kotlin.idea.stubindex.KotlinTypeAliasByExpansionShortNameIndex, org.jetbrains.kotlin.idea.stubindex.KotlinTopLevelClassByPackageIndex, org.jetbrains.kotlin.idea.stubindex.KotlinProbablyContractedFunctionShortNameIndex, markdown.header.anchor, org.jetbrains.kotlin.idea.stubindex.KotlinProbablyNothingFunctionShortNameIndex, org.jetbrains.kotlin.idea.stubindex.KotlinFileFacadeFqNameIndex, java.unnamed.class, org.jetbrains.kotlin.idea.stubindex.KotlinFullClassNameIndex, org.jetbrains.kotlin.idea.stubindex.KotlinFileFacadeShortNameIndex, org.jetbrains.kotlin.idea.stubindex.KotlinTopLevelPropertyFqnNameIndex, java.class.shortname, org.jetbrains.kotlin.idea.stubindex.KotlinPropertyShortNameIndex}.
2025-10-24 11:12:24,476 [    993]   WARN - #c.i.s.ComponentManagerImpl - org.zmlx.hg4idea.provider.HgChangeProvider initializer requests com.intellij.openapi.vcs.FileStatusFactory instance
2025-10-24 11:12:25,093 [   1610]   INFO - #c.i.i.p.n.PluginsGroupComponentWithProgress - Marketplace tab: loading stopped
2025-10-24 11:12:25,102 [   1619]   INFO - #c.i.i.p.PluginManagerConfigurable - Marketplace tab: 'Staff Picks' group load started
2025-10-24 11:12:25,642 [   2159]   WARN - #c.i.s.ComponentManagerImpl - com.intellij.codeInsight.daemon.LineMarkerProviders initializer requests com.intellij.codeInsight.daemon.LineMarkerProviders instance
2025-10-24 11:12:26,012 [   2529]   INFO - #c.i.o.a.i.NonBlockingReadActionImpl - OTel monitoring for NonBlockingReadAction is enabled
2025-10-24 11:12:26,401 [   2918]   WARN - #c.i.s.ComponentManagerImpl - com.intellij.psi.LanguageSubstitutors initializer requests com.intellij.psi.LanguageSubstitutors instance
2025-10-24 11:12:26,637 [   3154]   INFO - #c.i.i.p.PluginManagerConfigurable - Marketplace tab: 'Staff Picks' group load finished
2025-10-24 11:12:26,637 [   3154]   INFO - #c.i.i.p.PluginManagerConfigurable - Marketplace tab: 'New and Updated' group load started
2025-10-24 11:12:27,040 [   3557]   INFO - #c.i.i.p.PluginManagerConfigurable - Marketplace tab: 'New and Updated' group load finished
2025-10-24 11:12:27,041 [   3558]   INFO - #c.i.i.p.PluginManagerConfigurable - Marketplace tab: 'Top Downloads' group load started
2025-10-24 11:12:27,302 [   3819]   INFO - #c.i.i.p.PluginManagerConfigurable - Marketplace tab: 'Top Downloads' group load finished
2025-10-24 11:12:27,302 [   3819]   INFO - #c.i.i.p.PluginManagerConfigurable - Marketplace tab: 'Top Rated' group load started
2025-10-24 11:12:27,510 [   4027]   INFO - #c.i.r.OsRegistryConfigProvider - Looking for 'lobbyServerUrl' value in [/Library/Application Support/JetBrains/CodeWithMe/lobbyServerUrl, /Library/Application Support/JetBrains/CodeWithMe/config.json, /Users/vishnupk/Library/Application Support/JetBrains/CodeWithMe/lobbyServerUrl, /Users/vishnupk/Library/Application Support/JetBrains/CodeWithMe/config.json]
2025-10-24 11:12:27,510 [   4027]   INFO - #c.i.r.OsRegistryConfigProvider - OS provided value for 'lobbyServerUrl' is not found
2025-10-24 11:12:27,511 [   4028]   INFO - #c.j.r.p.c.u.CodeWithMeSystemSettings - Setting default value='https://code-with-me.jetbrains.com'
2025-10-24 11:12:27,517 [   4034]   INFO - #c.i.r.OsRegistryConfigProvider - Looking for 'lobbyServerUrl' value in [/Library/Application Support/JetBrains/CodeWithMe/lobbyServerUrl, /Library/Application Support/JetBrains/CodeWithMe/config.json, /Users/vishnupk/Library/Application Support/JetBrains/CodeWithMe/lobbyServerUrl, /Users/vishnupk/Library/Application Support/JetBrains/CodeWithMe/config.json]
2025-10-24 11:12:27,517 [   4034]   INFO - #c.i.r.OsRegistryConfigProvider - OS provided value for 'lobbyServerUrl' is not found
2025-10-24 11:12:27,518 [   4035]   INFO - #c.j.r.p.c.u.CodeWithMeSystemSettings - Setting default value='https://code-with-me.jetbrains.com'
2025-10-24 11:12:27,586 [   4103]   INFO - #c.i.i.p.PluginManagerConfigurable - Marketplace tab: 'Top Rated' group load finished
2025-10-24 11:12:27,642 [   4159]   WARN - #c.i.s.ComponentManagerImpl - com.intellij.psi.codeStyle.CodeStyleSettingsCustomizable initializer requests com.intellij.util.LocaleSensitiveApplicationCacheService instance
2025-10-24 11:12:28,298 [   4815]   WARN - #c.i.u.j.JBCefApp - JCEF is manually disabled in headless env via 'ide.browser.jcef.headless.enabled=false'
2025-10-24 11:12:28,301 [   4818]   INFO - #org.intellij.plugins.markdown.settings.MarkdownSettings - Migrating Markdown settings
2025-10-24 11:12:28,710 [   5227]   INFO - STDOUT - Found 205 configurables
2025-10-24 11:12:28,746 [   5263]   INFO - #c.i.i.p.n.PluginsGroupComponentWithProgress - Marketplace tab: loading stopped
2025-10-24 11:12:29,444 [   5961]   INFO - STDOUT - Output written to /Users/vishnupk/generativepromptpluginsuggestionandroid/build/searchableOptions/textmate.jar/search/textmate.jar.searchableOptions.xml
2025-10-24 11:12:29,446 [   5963]   INFO - STDOUT - Output written to /Users/vishnupk/generativepromptpluginsuggestionandroid/build/searchableOptions/markdown.jar/search/markdown.jar.searchableOptions.xml
2025-10-24 11:12:29,446 [   5963]   INFO - STDOUT - Output written to /Users/vishnupk/generativepromptpluginsuggestionandroid/build/searchableOptions/IntelliLang.jar/search/IntelliLang.jar.searchableOptions.xml
2025-10-24 11:12:29,446 [   5963]   INFO - STDOUT - Output written to /Users/vishnupk/generativepromptpluginsuggestionandroid/build/searchableOptions/eclipse.jar/search/eclipse.jar.searchableOptions.xml
2025-10-24 11:12:29,447 [   5964]   INFO - STDOUT - Output written to /Users/vishnupk/generativepromptpluginsuggestionandroid/build/searchableOptions/tasks-core.jar/search/tasks-core.jar.searchableOptions.xml
2025-10-24 11:12:29,448 [   5965]   INFO - STDOUT - Output written to /Users/vishnupk/generativepromptpluginsuggestionandroid/build/searchableOptions/sh.jar/search/sh.jar.searchableOptions.xml
2025-10-24 11:12:29,448 [   5965]   INFO - STDOUT - Output written to /Users/vishnupk/generativepromptpluginsuggestionandroid/build/searchableOptions/java-coverage.jar/search/java-coverage.jar.searchableOptions.xml
2025-10-24 11:12:29,448 [   5965]   INFO - STDOUT - Output written to /Users/vishnupk/generativepromptpluginsuggestionandroid/build/searchableOptions/java-impl.jar!/search/java-impl.jar!.searchableOptions.xml
2025-10-24 11:12:29,449 [   5966]   INFO - STDOUT - Output written to /Users/vishnupk/generativepromptpluginsuggestionandroid/build/searchableOptions/javaFX.jar!/search/javaFX.jar!.searchableOptions.xml
2025-10-24 11:12:29,449 [   5966]   INFO - STDOUT - Output written to /Users/vishnupk/generativepromptpluginsuggestionandroid/build/searchableOptions/searchEverywhereMl.jar/search/searchEverywhereMl.jar.searchableOptions.xml
2025-10-24 11:12:29,449 [   5966]   INFO - STDOUT - Output written to /Users/vishnupk/generativepromptpluginsuggestionandroid/build/searchableOptions/idea-junit.jar!/search/idea-junit.jar!.searchableOptions.xml
2025-10-24 11:12:29,451 [   5968]   INFO - STDOUT - Output written to /Users/vishnupk/generativepromptpluginsuggestionandroid/build/searchableOptions/uiDesigner.jar/search/uiDesigner.jar.searchableOptions.xml
2025-10-24 11:12:29,451 [   5968]   INFO - STDOUT - Output written to /Users/vishnupk/generativepromptpluginsuggestionandroid/build/searchableOptions/javaFX.jar/search/javaFX.jar.searchableOptions.xml
2025-10-24 11:12:29,452 [   5969]   INFO - STDOUT - Output written to /Users/vishnupk/generativepromptpluginsuggestionandroid/build/searchableOptions/dev.jar/search/dev.jar.searchableOptions.xml
2025-10-24 11:12:29,452 [   5969]   INFO - STDOUT - Output written to /Users/vishnupk/generativepromptpluginsuggestionandroid/build/searchableOptions/space.jar/search/space.jar.searchableOptions.xml
2025-10-24 11:12:29,453 [   5970]   INFO - STDOUT - Output written to /Users/vishnupk/generativepromptpluginsuggestionandroid/build/searchableOptions/cwm-plugin-terminal.jar/search/cwm-plugin-terminal.jar.searchableOptions.xml
2025-10-24 11:12:29,454 [   5971]   INFO - STDOUT - Output written to /Users/vishnupk/generativepromptpluginsuggestionandroid/build/searchableOptions/vcs-svn.jar/search/vcs-svn.jar.searchableOptions.xml
2025-10-24 11:12:29,454 [   5971]   INFO - STDOUT - Output written to /Users/vishnupk/generativepromptpluginsuggestionandroid/build/searchableOptions/byteCodeViewer.jar/search/byteCodeViewer.jar.searchableOptions.xml
2025-10-24 11:12:29,454 [   5971]   INFO - STDOUT - Output written to /Users/vishnupk/generativepromptpluginsuggestionandroid/build/searchableOptions/testng-plugin.jar!/search/testng-plugin.jar!.searchableOptions.xml
2025-10-24 11:12:29,455 [   5972]   INFO - STDOUT - Output written to /Users/vishnupk/generativepromptpluginsuggestionandroid/build/searchableOptions/marketplace.jar/search/marketplace.jar.searchableOptions.xml
2025-10-24 11:12:29,456 [   5973]   INFO - STDOUT - Output written to /Users/vishnupk/generativepromptpluginsuggestionandroid/build/searchableOptions/maven.jar/search/maven.jar.searchableOptions.xml
2025-10-24 11:12:29,457 [   5974]   INFO - STDOUT - Output written to /Users/vishnupk/generativepromptpluginsuggestionandroid/build/searchableOptions/copyright.jar/search/copyright.jar.searchableOptions.xml
2025-10-24 11:12:29,459 [   5976]   INFO - STDOUT - Output written to /Users/vishnupk/generativepromptpluginsuggestionandroid/build/searchableOptions/maven.jar!/search/maven.jar!.searchableOptions.xml
2025-10-24 11:12:29,460 [   5977]   INFO - STDOUT - Output written to /Users/vishnupk/generativepromptpluginsuggestionandroid/build/searchableOptions/Groovy.jar/search/Groovy.jar.searchableOptions.xml
2025-10-24 11:12:29,460 [   5977]   INFO - STDOUT - Output written to /Users/vishnupk/generativepromptpluginsuggestionandroid/build/searchableOptions/terminal.jar/search/terminal.jar.searchableOptions.xml
2025-10-24 11:12:29,463 [   5980]   INFO - STDOUT - Output written to /Users/vishnupk/generativepromptpluginsuggestionandroid/build/searchableOptions/gradle-java.jar/search/gradle-java.jar.searchableOptions.xml
2025-10-24 11:12:29,463 [   5980]   INFO - STDOUT - Output written to /Users/vishnupk/generativepromptpluginsuggestionandroid/build/searchableOptions/performanceTesting-async.jar/search/performanceTesting-async.jar.searchableOptions.xml
2025-10-24 11:12:29,464 [   5981]   INFO - STDOUT - Output written to /Users/vishnupk/generativepromptpluginsuggestionandroid/build/searchableOptions/properties.jar/search/properties.jar.searchableOptions.xml
2025-10-24 11:12:29,467 [   5984]   INFO - STDOUT - Output written to /Users/vishnupk/generativepromptpluginsuggestionandroid/build/searchableOptions/java-impl.jar/search/java-impl.jar.searchableOptions.xml
2025-10-24 11:12:29,475 [   5992]   INFO - STDOUT - Output written to /Users/vishnupk/generativepromptpluginsuggestionandroid/build/searchableOptions/app-client.jar/search/app-client.jar.searchableOptions.xml
2025-10-24 11:12:29,475 [   5992]   INFO - STDOUT - Output written to /Users/vishnupk/generativepromptpluginsuggestionandroid/build/searchableOptions/html-tools.jar/search/html-tools.jar.searchableOptions.xml
2025-10-24 11:12:29,476 [   5993]   INFO - STDOUT - Output written to /Users/vishnupk/generativepromptpluginsuggestionandroid/build/searchableOptions/vcs-perforce.jar/search/vcs-perforce.jar.searchableOptions.xml
2025-10-24 11:12:29,476 [   5993]   INFO - STDOUT - Output written to /Users/vishnupk/generativepromptpluginsuggestionandroid/build/searchableOptions/java-debugger-streams.jar/search/java-debugger-streams.jar.searchableOptions.xml
2025-10-24 11:12:29,476 [   5993]   INFO - STDOUT - Output written to /Users/vishnupk/generativepromptpluginsuggestionandroid/build/searchableOptions/gradle.jar/search/gradle.jar.searchableOptions.xml
2025-10-24 11:12:29,476 [   5993]   INFO - STDOUT - Output written to /Users/vishnupk/generativepromptpluginsuggestionandroid/build/searchableOptions/testng-plugin.jar/search/testng-plugin.jar.searchableOptions.xml
2025-10-24 11:12:29,477 [   5994]   INFO - STDOUT - Output written to /Users/vishnupk/generativepromptpluginsuggestionandroid/build/searchableOptions/grazie.jar/search/grazie.jar.searchableOptions.xml
2025-10-24 11:12:29,477 [   5994]   INFO - STDOUT - Output written to /Users/vishnupk/generativepromptpluginsuggestionandroid/build/searchableOptions/qodana.jar/search/qodana.jar.searchableOptions.xml
2025-10-24 11:12:29,479 [   5996]   INFO - STDOUT - Output written to /Users/vishnupk/generativepromptpluginsuggestionandroid/build/searchableOptions/app.jar/search/app.jar.searchableOptions.xml
2025-10-24 11:12:29,480 [   5997]   INFO - STDOUT - Output written to /Users/vishnupk/generativepromptpluginsuggestionandroid/build/searchableOptions/instrumented-GenerativePrompts-1.0.0.jar/search/instrumented-GenerativePrompts-1.0.0.jar.searchableOptions.xml
2025-10-24 11:12:29,482 [   5999]   INFO - STDOUT - Output written to /Users/vishnupk/generativepromptpluginsuggestionandroid/build/searchableOptions/completionMlRanking.jar/search/completionMlRanking.jar.searchableOptions.xml
2025-10-24 11:12:29,482 [   5999]   INFO - STDOUT - Output written to /Users/vishnupk/generativepromptpluginsuggestionandroid/build/searchableOptions/java-decompiler.jar/search/java-decompiler.jar.searchableOptions.xml
2025-10-24 11:12:29,483 [   6000]   INFO - STDOUT - Output written to /Users/vishnupk/generativepromptpluginsuggestionandroid/build/searchableOptions/vcs-hg.jar/search/vcs-hg.jar.searchableOptions.xml
2025-10-24 11:12:29,483 [   6000]   INFO - STDOUT - Output written to /Users/vishnupk/generativepromptpluginsuggestionandroid/build/searchableOptions/performanceTesting.jar/search/performanceTesting.jar.searchableOptions.xml
2025-10-24 11:12:29,484 [   6001]   INFO - STDOUT - Output written to /Users/vishnupk/generativepromptpluginsuggestionandroid/build/searchableOptions/vcs-gitlab.jar/search/vcs-gitlab.jar.searchableOptions.xml
2025-10-24 11:12:29,484 [   6001]   INFO - STDOUT - Output written to /Users/vishnupk/generativepromptpluginsuggestionandroid/build/searchableOptions/cwm-common.jar/search/cwm-common.jar.searchableOptions.xml
2025-10-24 11:12:29,485 [   6002]   INFO - STDOUT - Output written to /Users/vishnupk/generativepromptpluginsuggestionandroid/build/searchableOptions/java-i18n.jar/search/java-i18n.jar.searchableOptions.xml
2025-10-24 11:12:29,485 [   6002]   INFO - STDOUT - Output written to /Users/vishnupk/generativepromptpluginsuggestionandroid/build/searchableOptions/Groovy.jar!/search/Groovy.jar!.searchableOptions.xml
2025-10-24 11:12:29,485 [   6002]   INFO - STDOUT - Output written to /Users/vishnupk/generativepromptpluginsuggestionandroid/build/searchableOptions/emojipicker.jar/search/emojipicker.jar.searchableOptions.xml
2025-10-24 11:12:29,485 [   6002]   INFO - STDOUT - Output written to /Users/vishnupk/generativepromptpluginsuggestionandroid/build/searchableOptions/toml.jar/search/toml.jar.searchableOptions.xml
2025-10-24 11:12:29,485 [   6002]   INFO - STDOUT - Output written to /Users/vishnupk/generativepromptpluginsuggestionandroid/build/searchableOptions/platform-ijent-impl.jar/search/platform-ijent-impl.jar.searchableOptions.xml
2025-10-24 11:12:29,486 [   6003]   INFO - STDOUT - Output written to /Users/vishnupk/generativepromptpluginsuggestionandroid/build/searchableOptions/idea-junit.jar/search/idea-junit.jar.searchableOptions.xml
2025-10-24 11:12:29,487 [   6004]   INFO - STDOUT - Output written to /Users/vishnupk/generativepromptpluginsuggestionandroid/build/searchableOptions/yaml.jar/search/yaml.jar.searchableOptions.xml
2025-10-24 11:12:29,488 [   6005]   INFO - STDOUT - Output written to /Users/vishnupk/generativepromptpluginsuggestionandroid/build/searchableOptions/packageChecker.jar/search/packageChecker.jar.searchableOptions.xml
2025-10-24 11:12:29,488 [   6005]   INFO - STDOUT - Output written to /Users/vishnupk/generativepromptpluginsuggestionandroid/build/searchableOptions/platform-tracing-ide.jar/search/platform-tracing-ide.jar.searchableOptions.xml
2025-10-24 11:12:29,489 [   6006]   INFO - STDOUT - Output written to /Users/vishnupk/generativepromptpluginsuggestionandroid/build/searchableOptions/editorconfig.jar/search/editorconfig.jar.searchableOptions.xml
2025-10-24 11:12:29,489 [   6006]   INFO - STDOUT - Output written to /Users/vishnupk/generativepromptpluginsuggestionandroid/build/searchableOptions/vcs-github.jar/search/vcs-github.jar.searchableOptions.xml
2025-10-24 11:12:29,489 [   6006]   INFO - STDOUT - Output written to /Users/vishnupk/generativepromptpluginsuggestionandroid/build/searchableOptions/platform-langInjection.jar/search/platform-langInjection.jar.searchableOptions.xml
2025-10-24 11:12:29,490 [   6007]   INFO - STDOUT - Output written to /Users/vishnupk/generativepromptpluginsuggestionandroid/build/searchableOptions/platform-images.jar/search/platform-images.jar.searchableOptions.xml
2025-10-24 11:12:29,491 [   6008]   INFO - STDOUT - Output written to /Users/vishnupk/generativepromptpluginsuggestionandroid/build/searchableOptions/vcs-git.jar/search/vcs-git.jar.searchableOptions.xml
2025-10-24 11:12:29,492 [   6009]   INFO - STDOUT - Output written to /Users/vishnupk/generativepromptpluginsuggestionandroid/build/searchableOptions/kotlin-plugin.jar/search/kotlin-plugin.jar.searchableOptions.xml
2025-10-24 11:12:29,492 [   6009]   INFO - STDOUT - Output written to /Users/vishnupk/generativepromptpluginsuggestionandroid/build/searchableOptions/modules.jar/search/modules.jar.searchableOptions.xml
2025-10-24 11:12:29,492 [   6009]   INFO - STDOUT - Output written to /Users/vishnupk/generativepromptpluginsuggestionandroid/build/searchableOptions/indexing-shared.jar/search/indexing-shared.jar.searchableOptions.xml
2025-10-24 11:12:29,492 [   6009]   INFO - STDOUT - Output written to /Users/vishnupk/generativepromptpluginsuggestionandroid/build/searchableOptions/featuresTrainer.jar/search/featuresTrainer.jar.searchableOptions.xml
2025-10-24 11:12:29,493 [   6010]   INFO - STDOUT - Output written to /Users/vishnupk/generativepromptpluginsuggestionandroid/build/searchableOptions/kotlin-plugin.jar!/search/kotlin-plugin.jar!.searchableOptions.xml
2025-10-24 11:12:29,493 [   6010]   INFO - STDOUT - Output written to /Users/vishnupk/generativepromptpluginsuggestionandroid/build/searchableOptions/cwm-host.jar/search/cwm-host.jar.searchableOptions.xml
2025-10-24 11:12:29,493 [   6010]   INFO - STDOUT - Output written to /Users/vishnupk/generativepromptpluginsuggestionandroid/build/searchableOptions/gradle-java-maven.jar/search/gradle-java-maven.jar.searchableOptions.xml
2025-10-24 11:12:29,493 [   6010]   INFO - STDOUT - Output written to /Users/vishnupk/generativepromptpluginsuggestionandroid/build/searchableOptions/settingsSync.jar/search/settingsSync.jar.searchableOptions.xml
2025-10-24 11:12:29,493 [   6010]   INFO - STDOUT - Searchable options index builder completed
2025-10-24 11:12:29,494 [   6011]   INFO - #c.i.u.i.FileBasedIndexImpl - Index dispose started
2025-10-24 11:12:29,510 [   6027]   INFO - #c.i.p.s.StubIndexImpl - StubIndexExtension-s were unloaded
2025-10-24 11:12:29,510 [   6027]   INFO - #c.i.p.s.SerializationManagerImpl - Start shutting down /Users/vishnupk/generativepromptpluginsuggestionandroid/build/idea-sandbox/system/index/rep.names
2025-10-24 11:12:29,510 [   6027]   INFO - #c.i.p.s.SerializationManagerImpl - Finished shutting down /Users/vishnupk/generativepromptpluginsuggestionandroid/build/idea-sandbox/system/index/rep.names
2025-10-24 11:12:29,511 [   6028]   INFO - #c.i.u.i.FileBasedIndexImpl - Index dispose completed in 16ms.
2025-10-24 11:12:29,513 [   6030]   INFO - #c.i.o.v.n.p.PersistentFSImpl - VFS dispose started
2025-10-24 11:12:29,516 [   6033]   INFO - #c.i.o.v.n.p.PersistentFSImpl - VFS dispose completed in 3ms.
2025-10-24 11:12:29,524 [   6041]   INFO - #c.i.p.i.b.AppStarter - ------------------------------------------------------ IDE SHUTDOWN ------------------------------------------------------
2025-10-24 11:22:59,420 [     20]   INFO - #c.i.p.i.b.AppStarter - ------------------------------------------------------ IDE STARTED ------------------------------------------------------
2025-10-24 11:22:59,429 [     29]   INFO - #c.i.u.EnvironmentUtil - loading shell env is skipped: IDE has been launched from a terminal (SHLVL=1)
2025-10-24 11:22:59,443 [     43]   INFO - #c.i.u.i.PageCacheUtils - File page caching params:
2025-10-24 11:22:59,444 [     44]   INFO - #c.i.p.i.b.AppStarter - JNA library (64-bit) loaded in 16 ms
2025-10-24 11:22:59,444 [     44]   INFO - #c.i.u.i.PageCacheUtils - 	DEFAULT_PAGE_SIZE: 10485760
2025-10-24 11:22:59,445 [     45]   INFO - #c.i.u.i.PageCacheUtils - 	Direct memory to use, max: 2126512128
2025-10-24 11:22:59,445 [     45]   INFO - #c.i.u.i.PageCacheUtils - 	FilePageCache: regular + lock-free (LOCK_FREE_PAGE_CACHE_ENABLED:true)
2025-10-24 11:22:59,446 [     46]   INFO - #c.i.p.i.b.AppStarter - IDE: IntelliJ IDEA (build #IC-233.11799.300, Tue, 12 Dec 2023 05:06:00 GMT)
2025-10-24 11:22:59,446 [     46]   INFO - #c.i.u.i.PageCacheUtils - 	NEW_PAGE_CACHE_MEMORY_FRACTION: 0.20000000298023224
2025-10-24 11:22:59,447 [     47]   INFO - #c.i.p.i.b.AppStarter - OS: Mac OS X (14.5)
2025-10-24 11:22:59,447 [     47]   INFO - #c.i.u.i.PageCacheUtils - 	Regular FilePageCache: 503316478 bytes
2025-10-24 11:22:59,448 [     48]   INFO - #c.i.p.i.b.AppStarter - JRE: 17.0.9+7-b1087.7, aarch64 (JetBrains s.r.o.)
2025-10-24 11:22:59,448 [     48]   INFO - #c.i.u.i.PageCacheUtils - 	New     FilePageCache: 125829122 bytes (+ up to 10.0% overflow)
2025-10-24 11:22:59,448 [     48]   INFO - #c.i.p.i.b.AppStarter - JVM: 17.0.9+7-b1087.7 (OpenJDK 64-Bit Server VM)
2025-10-24 11:22:59,448 [     48]   INFO - #c.i.u.i.PageCacheUtils - 	DirectByteBuffers pool: 104857600 bytes
2025-10-24 11:22:59,450 [     50]   INFO - #c.i.p.i.b.AppStarter - PID: 68364
2025-10-24 11:22:59,452 [     52]   INFO - #c.i.p.i.b.AppStarter - JVM options: [-Daether.connector.resumeDownloads=false, -Dapple.awt.application.appearance=system, -Dapple.awt.fileDialogForDirectories=true, -Dapple.laf.useScreenMenuBar=true, -Didea.auto.reload.plugins=true, -Didea.classpath.index.enabled=false, -Didea.config.path=/Users/vishnupk/generativepromptpluginsuggestionandroid/build/idea-sandbox/config, -Didea.is.internal=true, -Didea.log.path=/Users/vishnupk/generativepromptpluginsuggestionandroid/build/idea-sandbox/system/log, -Didea.paths.selector=IdeaIC2023.3, -Didea.platform.prefix=Idea, -Didea.plugin.in.sandbox.mode=true, -Didea.plugins.path=/Users/vishnupk/generativepromptpluginsuggestionandroid/build/idea-sandbox/plugins, -Didea.required.plugins.id=com.vishnuu.gpsplugin, -Didea.smooth.progress=false, -Didea.system.path=/Users/vishnupk/generativepromptpluginsuggestionandroid/build/idea-sandbox/system, -Didea.vendor.name=JetBrains, -Dintellij.platform.runtime.repository.path=/Users/vishnupk/.gradle/caches/modules-2/files-2.1/com.jetbrains.intellij.idea/ideaIC/2023.3.1/592822ae84dd5e9f1290f1c10132742718a183a5/ideaIC-2023.3.1/modules/module-descriptors.jar, -Djava.system.class.loader=com.intellij.util.lang.PathClassLoader, -Djbr.catch.SIGABRT=true, -Djdk.attach.allowAttachSelf=true, -Djdk.http.auth.tunneling.disabledSchemes="", -Djdk.module.illegalAccess.silent=true, -Djna.boot.library.path=/Users/vishnupk/.gradle/caches/modules-2/files-2.1/com.jetbrains.intellij.idea/ideaIC/2023.3.1/592822ae84dd5e9f1290f1c10132742718a183a5/ideaIC-2023.3.1/lib/jna/aarch64, -Djna.noclasspath=true, -Djna.nosys=true, -Dpty4j.preferred.native.folder=/Users/vishnupk/.gradle/caches/modules-2/files-2.1/com.jetbrains.intellij.idea/ideaIC/2023.3.1/592822ae84dd5e9f1290f1c10132742718a183a5/ideaIC-2023.3.1/lib/pty4j, -Dsplash=true, -Dsun.io.useCanonCaches=false, -Dsun.java2d.metal=true, -XX:ReservedCodeCacheSize=512m, -XX:+UseG1GC, -XX:SoftRefLRUPolicyMSPerMB=50, -XX:CICompilerCount=2, -XX:+HeapDumpOnOutOfMemoryError, -XX:-OmitStackTraceInFastThrow, -XX:+IgnoreUnrecognizedVMOptions, -XX:CompileCommand=exclude,com/intellij/openapi/vfs/impl/FilePartNodeRoot,trieDescend, -javaagent:/Users/vishnupk/generativepromptpluginsuggestionandroid/build/tmp/initializeIntelliJPlugin/coroutines-javaagent.jar, --add-opens=java.base/java.io=ALL-UNNAMED, --add-opens=java.base/java.lang=ALL-UNNAMED, --add-opens=java.base/java.lang.ref=ALL-UNNAMED, --add-opens=java.base/java.lang.reflect=ALL-UNNAMED, --add-opens=java.base/java.net=ALL-UNNAMED, --add-opens=java.base/java.nio=ALL-UNNAMED, --add-opens=java.base/java.nio.charset=ALL-UNNAMED, --add-opens=java.base/java.text=ALL-UNNAMED, --add-opens=java.base/java.time=ALL-UNNAMED, --add-opens=java.base/java.util=ALL-UNNAMED, --add-opens=java.base/java.util.concurrent=ALL-UNNAMED, --add-opens=java.base/java.util.concurrent.atomic=ALL-UNNAMED, --add-opens=java.base/java.util.concurrent.locks=ALL-UNNAMED, --add-opens=java.base/jdk.internal.vm=ALL-UNNAMED, --add-opens=java.base/sun.nio.ch=ALL-UNNAMED, --add-opens=java.base/sun.nio.fs=ALL-UNNAMED, --add-opens=java.base/sun.security.ssl=ALL-UNNAMED, --add-opens=java.base/sun.security.util=ALL-UNNAMED, --add-opens=java.base/sun.net.dns=ALL-UNNAMED, --add-opens=java.desktop/com.apple.eawt=ALL-UNNAMED, --add-opens=java.desktop/com.apple.eawt.event=ALL-UNNAMED, --add-opens=java.desktop/com.apple.laf=ALL-UNNAMED, --add-opens=java.desktop/java.awt=ALL-UNNAMED, --add-opens=java.desktop/java.awt.dnd.peer=ALL-UNNAMED, --add-opens=java.desktop/java.awt.event=ALL-UNNAMED, --add-opens=java.desktop/java.awt.image=ALL-UNNAMED, --add-opens=java.desktop/java.awt.peer=ALL-UNNAMED, --add-opens=java.desktop/java.awt.font=ALL-UNNAMED, --add-opens=java.desktop/javax.swing=ALL-UNNAMED, --add-opens=java.desktop/javax.swing.plaf.basic=ALL-UNNAMED, --add-opens=java.desktop/javax.swing.text.html=ALL-UNNAMED, --add-opens=java.desktop/sun.awt.datatransfer=ALL-UNNAMED, --add-opens=java.desktop/sun.awt.image=ALL-UNNAMED, --add-opens=java.desktop/sun.awt=ALL-UNNAMED, --add-opens=java.desktop/sun.font=ALL-UNNAMED, --add-opens=java.desktop/sun.java2d=ALL-UNNAMED, --add-opens=java.desktop/sun.lwawt=ALL-UNNAMED, --add-opens=java.desktop/sun.lwawt.macosx=ALL-UNNAMED, --add-opens=java.desktop/sun.swing=ALL-UNNAMED, --add-opens=java.desktop/com.sun.java.swing=ALL-UNNAMED, --add-opens=jdk.attach/sun.tools.attach=ALL-UNNAMED, --add-opens=jdk.compiler/com.sun.tools.javac.api=ALL-UNNAMED, --add-opens=jdk.internal.jvmstat/sun.jvmstat.monitor=ALL-UNNAMED, --add-opens=jdk.jdi/com.sun.tools.jdi=ALL-UNNAMED, -Xms128m, -Xmx2048m, -Dfile.encoding=UTF-8, -Duser.country=IN, -Duser.language=en, -Duser.variant, -ea]
2025-10-24 11:22:59,452 [     52]   INFO - #c.i.p.i.b.AppStarter - args: traverseUI /Users/vishnupk/generativepromptpluginsuggestionandroid/build/searchableOptions true
2025-10-24 11:22:59,452 [     52]   INFO - #c.i.p.i.b.AppStarter - library path: /Users/vishnupk/Library/Java/Extensions:/Library/Java/Extensions:/Network/Library/Java/Extensions:/System/Library/Java/Extensions:/usr/lib/java:.
2025-10-24 11:22:59,452 [     52]   INFO - #c.i.p.i.b.AppStarter - boot library path: /Users/vishnupk/.gradle/caches/modules-2/files-2.1/com.jetbrains/jbre/jbr_jcef-17.0.9-osx-aarch64-b1087.7/extracted/jbr_jcef-17.0.9-osx-aarch64-b1087.7/Contents/Home/lib
2025-10-24 11:22:59,460 [     60]   INFO - #c.i.p.i.b.AppStarter - locale=en_IN JNU=UTF-8 file.encoding=UTF-8
    idea.config.path=/Users/vishnupk/generativepromptpluginsuggestionandroid/build/idea-sandbox/config
    idea.system.path=/Users/vishnupk/generativepromptpluginsuggestionandroid/build/idea-sandbox/system
    idea.plugins.path=/Users/vishnupk/generativepromptpluginsuggestionandroid/build/idea-sandbox/plugins
    idea.log.path=/Users/vishnupk/generativepromptpluginsuggestionandroid/build/idea-sandbox/system/log
2025-10-24 11:22:59,462 [     62]   INFO - #c.i.p.i.b.AppStarter - CPU cores: 8; ForkJoinPool.commonPool: java.util.concurrent.ForkJoinPool@780c4041[Running, parallelism = 8, size = 0, active = 0, running = 0, steals = 0, tasks = 0, submissions = 0]; factory: com.intellij.concurrency.IdeaForkJoinWorkerThreadFactory@6f4caa37
2025-10-24 11:22:59,473 [     73]   INFO - #c.i.i.p.PluginManager - Module intellij.sh.python is not enabled because dependency com.intellij.modules.python is not available
Module intellij.space.gateway is not enabled because dependency com.jetbrains.gateway is not available
Module intellij.space.php is not enabled because dependency com.jetbrains.php is not available
Module intellij.groovy/ant is not enabled because dependency AntSupport is not available
Module intellij.space.index is not enabled because dependency intellij.indexing.shared is not available
Module intellij.qodana.jvm.swagger is not enabled because dependency com.intellij.swagger is not available
Module intellij.qodana.python is not enabled because dependency Pythonid is not available
Module intellij.qodana.php is not enabled because dependency com.jetbrains.php is not available
Module intellij.qodana.js is not enabled because dependency JavaScript is not available
Module intellij.packageChecker.python is not enabled because dependency com.intellij.modules.python is not available
Module intellij.packageChecker.javascript is not enabled because dependency JavaScript is not available
Module intellij.packageChecker.go is not enabled because dependency org.jetbrains.plugins.go is not available
2025-10-24 11:22:59,481 [     81]   INFO - #c.i.i.p.PluginManager - Loaded bundled plugins: Images (233.11799.300), Mercurial (233.11799.300), Maven (233.11799.300), Eclipse Keymap (233.11799.300), Configuration Script (233.11799.300), Space (233.11799.300), GitHub (233.11799.300), JUnit (233.11799.300), UI Designer (233.11799.300), IDE Features Trainer (233.11799.300), Shared Indexes (233.11799.300), Properties (233.11799.300), Subversion (233.11799.300), Git (233.11799.300), Java (233.11799.300), TestNG (233.11799.300), Gradle-Maven (233.11799.300), GitLab (233.11799.300), Visual Studio Keymap (233.11799.300), IntelliLang (233.11799.300), Toml (233.11799.300), Code With Me (233.11799.300), YAML (233.11799.300), Code Coverage for Java (233.11799.300), Markdown (233.11799.300), JavaFX (233.11799.300), Async Profiler for IDE Performance Testing (233.11799.300), Copyright (233.11799.300), Gradle-Java (233.11799.300), Gradle (233.11799.300), Package Checker (233.11799.300), Gradle DSL API (233.11799.300), Machine Learning Code Completion (233.11799.300), JetBrains Marketplace Licensing (233.11799.300), Perforce Helix Core (233.11799.300), com.intellij.tracing.ide (233.11799.300), Java Internationalization (233.11799.300), Shell Script (233.11799.300), HTML Tools (233.11799.300), Java Stream Debugger (233.11799.300), Emoji Picker (233.11799.300), TextMate Bundles (233.11799.300), Qodana (233.11799.300), Terminal (233.11799.300), Grazie Lite (233.11799.300), JetBrains Repository Search (233.11799.300), Settings Sync (233.11799.300), Gradle-Java-Analysis (233.11799.300), IDEA CORE (233.11799.300), WebP Support (233.11799.300), com.intellij.dev (233.11799.300), Task Management (233.11799.300), Turbo Complete (233.11799.300), Java Bytecode Decompiler (233.11799.300), Groovy (233.11799.300), Performance Testing (233.11799.300), intellij.platform.ijent.impl (233.11799.300), EditorConfig (233.11799.300), Eclipse Interoperability (233.11799.300), NetBeans Keymap (233.11799.300), Maven server api classes (233.11799.300), Java IDE Customization (233.11799.300), JetBrains maven model api classes (233.11799.300), Kotlin (233.11799.300-IJ), Gradle Dependency Updater Implementation (233.11799.300), Bytecode Viewer (233.11799.300), Machine Learning in Search Everywhere (233.11799.300)
2025-10-24 11:22:59,481 [     81]   INFO - #c.i.i.p.PluginManager - Loaded custom plugins: Generative Prompts (1.0.0)
2025-10-24 11:22:59,555 [    155]   INFO - #c.i.o.v.n.p.FSRecords - VFS health-check enabled: first after 600000 ms, and each following 43200000 ms
2025-10-24 11:22:59,593 [    193]   INFO - #c.i.a.o.PathMacrosImpl - Loaded path macros: {MAVEN_REPOSITORY=/Users/vishnupk/.m2/repository}
2025-10-24 11:22:59,604 [    204]   WARN - #c.i.s.ComponentManagerImpl - `preload=true` must be used only for core services (service=com.jetbrains.rdserver.statistics.BackendStatisticsManager, plugin=com.jetbrains.codeWithMe)
2025-10-24 11:22:59,626 [    226]   INFO - #c.j.r.p.c.a.u.F.L - Start Wire Storage check: Check Wire Buffer Size
2025-10-24 11:22:59,630 [    230]   INFO - #c.i.i.p.ExpiredPluginsState - Plugins to skip: []
2025-10-24 11:22:59,647 [    247]   INFO - #c.i.o.v.n.p.PersistentFSLoader - VFS uses 'fast' names enumerator (over mmapped file)
2025-10-24 11:22:59,647 [    247]   INFO - #c.i.o.v.n.p.PersistentFSLoader - VFS uses content storage over new FilePageCache
2025-10-24 11:22:59,647 [    247]   INFO - #c.i.o.v.n.p.PersistentFSLoader - VFS uses streamlined attributes storage (over mmapped file)
2025-10-24 11:22:59,649 [    249]   INFO - #c.i.o.v.n.p.PersistentFSLoader - VFS uses content hash storage over mmapped file
2025-10-24 11:22:59,675 [    275]   INFO - #c.i.o.v.n.p.PersistentFSLoader - VFS: impl (expected) version=846656, 14 file records, 0 content blobs
2025-10-24 11:22:59,684 [    284]   INFO - #c.i.o.v.n.p.FSRecordsImpl - VFS scanned: file-by-name index was populated
2025-10-24 11:22:59,684 [    284]   INFO - #c.i.o.v.n.p.FSRecordsImpl - VFS initialized: 48 ms, 0 failed attempts, 0 error(s) were recovered
2025-10-24 11:22:59,723 [    323]   INFO - #o.j.i.BuiltInServerManager - built-in server started, port 63343
2025-10-24 11:22:59,727 [    327]   WARN - #c.i.u.n.s.ConfirmingTrustManager - Received an empty list of custom trusted root certificates from the system. Check log above for possible errors, enable debug logging in category 'org.jetbrains.nativecerts' for more information
2025-10-24 11:22:59,729 [    329]   INFO - #c.i.u.n.s.CertificateManager - Default SSL context initialized
2025-10-24 11:22:59,778 [    378]   WARN - #c.i.s.ComponentManagerImpl - com.intellij.psi.search.FilenameIndex initializer requests com.intellij.ide.plugins.PluginUtil instance
2025-10-24 11:22:59,782 [    382]   INFO - #c.i.o.v.i.l.NativeFileWatcherImpl - Native file watcher is disabled
2025-10-24 11:22:59,819 [    419]   INFO - #c.i.i.s.p.i.SharedIndexMainZipStorage - Shared Indexes Storage is opened and empty
2025-10-24 11:22:59,890 [    490]   INFO - #c.i.u.i.FileBasedIndexImpl - Indices to be built:FilenameIndex(v = 258)
2025-10-24 11:22:59,893 [    493]   INFO - #c.i.u.i.FileBasedIndexImpl - Using nice flusher for indexes
2025-10-24 11:22:59,897 [    497]   INFO - #c.i.u.i.IndexDataInitializer - Index data initialization done: 122 ms. Initialized indexes: [FilenameIndex, filetypes, Trigram.Index, DomFileIndex, RelaxSymbolIndex, TodoIndex, fileIncludes, IdIndex, XmlTagNames, FrameworkDetectionIndex, XmlNamespaces, html5.custom.attributes.index, json.file.root.values, java.auto.module.name, xmlProperties, yaml.keys.name, SchemaTypeInheritance, editorconfig.index.name, HtmlTagIdIndex, java.null.method.argument, java.source.module.name, java.fun.expression, bytecodeAnalysis, java.binary.plus.expression, javafx.id.name, org.jetbrains.kotlin.idea.versions.KotlinJvmMetadataVersionIndex, JavaFxControllerClassIndex, javafx.custom.component, org.jetbrains.kotlin.idea.versions.KotlinJsMetadataVersionIndex, org.jetbrains.kotlin.idea.vfilefinder.KotlinClassFileIndex, org.jetbrains.kotlin.idea.vfilefinder.KotlinMetadataFilePackageIndex, org.jetbrains.kotlin.idea.vfilefinder.KotlinPartialPackageNamesIndex, org.jetbrains.kotlin.idea.vfilefinder.KotlinPackageSourcesMemberNamesIndex, org.jetbrains.kotlin.idea.vfilefinder.KotlinJavaScriptMetaFileIndex, org.jetbrains.kotlin.idea.vfilefinder.KotlinMetadataFileIndex, org.jetbrains.kotlin.idea.vfilefinder.KotlinJvmModuleAnnotationsIndex, org.jetbrains.kotlin.idea.vfilefinder.KotlinModuleMappingIndex, org.jetbrains.kotlin.idea.vfilefinder.KotlinBuiltInsMetadataIndex, org.jetbrains.kotlin.idea.vfilefinder.KotlinStdlibIndex, Stubs, org.jetbrains.kotlin.idea.base.indices.names.KotlinTopLevelCallableByPackageShortNameIndex, org.jetbrains.kotlin.idea.vfilefinder.KotlinShortClassNameFileIndex, org.jetbrains.kotlin.idea.vfilefinder.KlibMetaFileIndex, com.intellij.uiDesigner.FormClassIndex, org.jetbrains.kotlin.idea.base.indices.names.KotlinTopLevelClassLikeDeclarationByPackageShortNameIndex].
2025-10-24 11:22:59,948 [    548]   INFO - #c.i.u.i.IndexDataInitializer - Index data initialization done: 50 ms. Initialized stub indexes: {org.jetbrains.kotlin.idea.stubindex.KotlinFileFacadeShortNameIndex, org.jetbrains.kotlin.idea.stubindex.KotlinTopLevelPropertyByPackageIndex, org.jetbrains.kotlin.idea.stubindex.KotlinClassShortNameIndex, org.jetbrains.kotlin.idea.stubindex.KotlinInnerTypeAliasClassIdIndex, java.class.extlist, org.jetbrains.kotlin.idea.stubindex.KotlinProbablyNothingFunctionShortNameIndex, jvm.static.member.name, java.method.parameter.types, org.jetbrains.kotlin.idea.stubindex.KotlinExactPackagesIndex, gr.annot.members, gr.class.super, org.jetbrains.kotlin.idea.stubindex.KotlinTopLevelClassByPackageIndex, org.jetbrains.kotlin.idea.stubindex.KotlinFullClassNameIndex, gr.annot.method.name, dom.namespaceKey, org.jetbrains.kotlin.idea.stubindex.KotlinJvmNameAnnotationIndex, java.method.name, org.jetbrains.kotlin.idea.stubindex.KotlinTypeAliasShortNameIndex, java.module.name, markdown.header, kotlin.primeIndexKey, gr.field.name, java.field.name, org.jetbrains.kotlin.idea.stubindex.KotlinScriptFqnIndex, org.jetbrains.kotlin.idea.stubindex.KotlinFileFacadeFqNameIndex, gr.script.class, org.jetbrains.kotlin.idea.stubindex.KotlinTopLevelExtensionsByReceiverTypeIndex, org.jetbrains.kotlin.idea.stubindex.KotlinTypeAliasByExpansionShortNameIndex, org.jetbrains.kotlin.idea.stubindex.KotlinSubclassObjectNameIndex, org.jetbrains.kotlin.idea.stubindex.KotlinOverridableInternalMembersShortNameIndex, org.jetbrains.kotlin.idea.stubindex.KotlinTopLevelPropertyFqnNameIndex, org.jetbrains.kotlin.idea.stubindex.KotlinExtensionsInObjectsByReceiverTypeIndex, org.jetbrains.kotlin.idea.stubindex.KotlinProbablyContractedFunctionShortNameIndex, markdown.header.anchor, org.jetbrains.kotlin.idea.stubindex.KotlinPropertyShortNameIndex, java.unnamed.class, gr.script.fqn.s, gr.class.fqn.s, properties.index, dom.elementClass, gr.anonymous.class, org.jetbrains.kotlin.idea.stubindex.KotlinTopLevelFunctionFqnNameIndex, org.jetbrains.kotlin.idea.stubindex.KotlinSuperClassIndex, jvm.static.member.type, java.class.fqn, org.jetbrains.kotlin.idea.stubindex.KotlinAnnotationsIndex, java.anonymous.baseref, org.jetbrains.kotlin.idea.stubindex.KotlinTopLevelFunctionByPackageIndex, org.jetbrains.kotlin.idea.stubindex.KotlinMultifileClassPartIndex, java.annotations, gr.method.name, org.jetbrains.kotlin.idea.stubindex.KotlinFileFacadeClassByPackageIndex, java.class.shortname, org.jetbrains.kotlin.idea.stubindex.KotlinTopLevelTypeAliasByPackageIndex, org.jetbrains.kotlin.idea.stubindex.KotlinFunctionShortNameIndex, org.jetbrains.kotlin.idea.stubindex.KotlinTopLevelTypeAliasFqNameIndex, org.jetbrains.kotlin.idea.stubindex.KotlinFilePartClassIndex, org.jetbrains.kotlin.idea.stubindex.KotlinProbablyNothingPropertyShortNameIndex}.
2025-10-24 11:23:00,507 [   1107]   WARN - #c.i.s.ComponentManagerImpl - org.zmlx.hg4idea.provider.HgChangeProvider initializer requests com.intellij.openapi.vcs.FileStatusFactory instance
2025-10-24 11:23:01,133 [   1733]   INFO - #c.i.i.p.n.PluginsGroupComponentWithProgress - Marketplace tab: loading stopped
2025-10-24 11:23:01,142 [   1742]   INFO - #c.i.i.p.PluginManagerConfigurable - Marketplace tab: 'Staff Picks' group load started
2025-10-24 11:23:01,539 [   2139]   INFO - #c.i.i.p.PluginManagerConfigurable - Marketplace tab: 'Staff Picks' group load finished
2025-10-24 11:23:01,539 [   2139]   INFO - #c.i.i.p.PluginManagerConfigurable - Marketplace tab: 'New and Updated' group load started
2025-10-24 11:23:01,678 [   2278]   WARN - #c.i.s.ComponentManagerImpl - com.intellij.codeInsight.daemon.LineMarkerProviders initializer requests com.intellij.codeInsight.daemon.LineMarkerProviders instance
2025-10-24 11:23:01,791 [   2391]   INFO - #c.i.i.p.PluginManagerConfigurable - Marketplace tab: 'New and Updated' group load finished
2025-10-24 11:23:01,791 [   2391]   INFO - #c.i.i.p.PluginManagerConfigurable - Marketplace tab: 'Top Downloads' group load started
2025-10-24 11:23:02,043 [   2643]   INFO - #c.i.i.p.PluginManagerConfigurable - Marketplace tab: 'Top Downloads' group load finished
2025-10-24 11:23:02,043 [   2643]   INFO - #c.i.i.p.PluginManagerConfigurable - Marketplace tab: 'Top Rated' group load started
2025-10-24 11:23:02,074 [   2674]   INFO - #c.i.o.a.i.NonBlockingReadActionImpl - OTel monitoring for NonBlockingReadAction is enabled
2025-10-24 11:23:02,316 [   2916]   INFO - #c.i.i.p.PluginManagerConfigurable - Marketplace tab: 'Top Rated' group load finished
2025-10-24 11:23:02,470 [   3070]   WARN - #c.i.s.ComponentManagerImpl - com.intellij.psi.LanguageSubstitutors initializer requests com.intellij.psi.LanguageSubstitutors instance
2025-10-24 11:23:03,519 [   4119]   INFO - #c.i.r.OsRegistryConfigProvider - Looking for 'lobbyServerUrl' value in [/Library/Application Support/JetBrains/CodeWithMe/lobbyServerUrl, /Library/Application Support/JetBrains/CodeWithMe/config.json, /Users/vishnupk/Library/Application Support/JetBrains/CodeWithMe/lobbyServerUrl, /Users/vishnupk/Library/Application Support/JetBrains/CodeWithMe/config.json]
2025-10-24 11:23:03,519 [   4119]   INFO - #c.i.r.OsRegistryConfigProvider - OS provided value for 'lobbyServerUrl' is not found
2025-10-24 11:23:03,519 [   4119]   INFO - #c.j.r.p.c.u.CodeWithMeSystemSettings - Setting default value='https://code-with-me.jetbrains.com'
2025-10-24 11:23:03,526 [   4126]   INFO - #c.i.r.OsRegistryConfigProvider - Looking for 'lobbyServerUrl' value in [/Library/Application Support/JetBrains/CodeWithMe/lobbyServerUrl, /Library/Application Support/JetBrains/CodeWithMe/config.json, /Users/vishnupk/Library/Application Support/JetBrains/CodeWithMe/lobbyServerUrl, /Users/vishnupk/Library/Application Support/JetBrains/CodeWithMe/config.json]
2025-10-24 11:23:03,526 [   4126]   INFO - #c.i.r.OsRegistryConfigProvider - OS provided value for 'lobbyServerUrl' is not found
2025-10-24 11:23:03,526 [   4126]   INFO - #c.j.r.p.c.u.CodeWithMeSystemSettings - Setting default value='https://code-with-me.jetbrains.com'
2025-10-24 11:23:03,661 [   4261]   WARN - #c.i.s.ComponentManagerImpl - com.intellij.psi.codeStyle.CodeStyleSettingsCustomizable initializer requests com.intellij.util.LocaleSensitiveApplicationCacheService instance
2025-10-24 11:23:04,360 [   4960]   WARN - #c.i.u.j.JBCefApp - JCEF is manually disabled in headless env via 'ide.browser.jcef.headless.enabled=false'
2025-10-24 11:23:04,365 [   4965]   INFO - #org.intellij.plugins.markdown.settings.MarkdownSettings - Migrating Markdown settings
2025-10-24 11:23:04,824 [   5424]   INFO - STDOUT - Found 205 configurables
2025-10-24 11:23:04,860 [   5460]   INFO - #c.i.i.p.n.PluginsGroupComponentWithProgress - Marketplace tab: loading stopped
2025-10-24 11:23:05,646 [   6246]   INFO - STDOUT - Output written to /Users/vishnupk/generativepromptpluginsuggestionandroid/build/searchableOptions/textmate.jar/search/textmate.jar.searchableOptions.xml
2025-10-24 11:23:05,649 [   6249]   INFO - STDOUT - Output written to /Users/vishnupk/generativepromptpluginsuggestionandroid/build/searchableOptions/markdown.jar/search/markdown.jar.searchableOptions.xml
2025-10-24 11:23:05,649 [   6249]   INFO - STDOUT - Output written to /Users/vishnupk/generativepromptpluginsuggestionandroid/build/searchableOptions/IntelliLang.jar/search/IntelliLang.jar.searchableOptions.xml
2025-10-24 11:23:05,650 [   6250]   INFO - STDOUT - Output written to /Users/vishnupk/generativepromptpluginsuggestionandroid/build/searchableOptions/eclipse.jar/search/eclipse.jar.searchableOptions.xml
2025-10-24 11:23:05,650 [   6250]   INFO - STDOUT - Output written to /Users/vishnupk/generativepromptpluginsuggestionandroid/build/searchableOptions/tasks-core.jar/search/tasks-core.jar.searchableOptions.xml
2025-10-24 11:23:05,651 [   6251]   INFO - STDOUT - Output written to /Users/vishnupk/generativepromptpluginsuggestionandroid/build/searchableOptions/sh.jar/search/sh.jar.searchableOptions.xml
2025-10-24 11:23:05,651 [   6251]   INFO - STDOUT - Output written to /Users/vishnupk/generativepromptpluginsuggestionandroid/build/searchableOptions/java-coverage.jar/search/java-coverage.jar.searchableOptions.xml
2025-10-24 11:23:05,651 [   6251]   INFO - STDOUT - Output written to /Users/vishnupk/generativepromptpluginsuggestionandroid/build/searchableOptions/java-impl.jar!/search/java-impl.jar!.searchableOptions.xml
2025-10-24 11:23:05,651 [   6251]   INFO - STDOUT - Output written to /Users/vishnupk/generativepromptpluginsuggestionandroid/build/searchableOptions/javaFX.jar!/search/javaFX.jar!.searchableOptions.xml
2025-10-24 11:23:05,652 [   6252]   INFO - STDOUT - Output written to /Users/vishnupk/generativepromptpluginsuggestionandroid/build/searchableOptions/searchEverywhereMl.jar/search/searchEverywhereMl.jar.searchableOptions.xml
2025-10-24 11:23:05,652 [   6252]   INFO - STDOUT - Output written to /Users/vishnupk/generativepromptpluginsuggestionandroid/build/searchableOptions/idea-junit.jar!/search/idea-junit.jar!.searchableOptions.xml
2025-10-24 11:23:05,652 [   6252]   INFO - STDOUT - Output written to /Users/vishnupk/generativepromptpluginsuggestionandroid/build/searchableOptions/uiDesigner.jar/search/uiDesigner.jar.searchableOptions.xml
2025-10-24 11:23:05,653 [   6253]   INFO - STDOUT - Output written to /Users/vishnupk/generativepromptpluginsuggestionandroid/build/searchableOptions/javaFX.jar/search/javaFX.jar.searchableOptions.xml
2025-10-24 11:23:05,654 [   6254]   INFO - STDOUT - Output written to /Users/vishnupk/generativepromptpluginsuggestionandroid/build/searchableOptions/dev.jar/search/dev.jar.searchableOptions.xml
2025-10-24 11:23:05,654 [   6254]   INFO - STDOUT - Output written to /Users/vishnupk/generativepromptpluginsuggestionandroid/build/searchableOptions/space.jar/search/space.jar.searchableOptions.xml
2025-10-24 11:23:05,655 [   6255]   INFO - STDOUT - Output written to /Users/vishnupk/generativepromptpluginsuggestionandroid/build/searchableOptions/cwm-plugin-terminal.jar/search/cwm-plugin-terminal.jar.searchableOptions.xml
2025-10-24 11:23:05,656 [   6256]   INFO - STDOUT - Output written to /Users/vishnupk/generativepromptpluginsuggestionandroid/build/searchableOptions/vcs-svn.jar/search/vcs-svn.jar.searchableOptions.xml
2025-10-24 11:23:05,656 [   6256]   INFO - STDOUT - Output written to /Users/vishnupk/generativepromptpluginsuggestionandroid/build/searchableOptions/byteCodeViewer.jar/search/byteCodeViewer.jar.searchableOptions.xml
2025-10-24 11:23:05,656 [   6256]   INFO - STDOUT - Output written to /Users/vishnupk/generativepromptpluginsuggestionandroid/build/searchableOptions/testng-plugin.jar!/search/testng-plugin.jar!.searchableOptions.xml
2025-10-24 11:23:05,656 [   6256]   INFO - STDOUT - Output written to /Users/vishnupk/generativepromptpluginsuggestionandroid/build/searchableOptions/marketplace.jar/search/marketplace.jar.searchableOptions.xml
2025-10-24 11:23:05,658 [   6258]   INFO - STDOUT - Output written to /Users/vishnupk/generativepromptpluginsuggestionandroid/build/searchableOptions/maven.jar/search/maven.jar.searchableOptions.xml
2025-10-24 11:23:05,659 [   6259]   INFO - STDOUT - Output written to /Users/vishnupk/generativepromptpluginsuggestionandroid/build/searchableOptions/copyright.jar/search/copyright.jar.searchableOptions.xml
2025-10-24 11:23:05,659 [   6259]   INFO - STDOUT - Output written to /Users/vishnupk/generativepromptpluginsuggestionandroid/build/searchableOptions/maven.jar!/search/maven.jar!.searchableOptions.xml
2025-10-24 11:23:05,661 [   6261]   INFO - STDOUT - Output written to /Users/vishnupk/generativepromptpluginsuggestionandroid/build/searchableOptions/Groovy.jar/search/Groovy.jar.searchableOptions.xml
2025-10-24 11:23:05,661 [   6261]   INFO - STDOUT - Output written to /Users/vishnupk/generativepromptpluginsuggestionandroid/build/searchableOptions/terminal.jar/search/terminal.jar.searchableOptions.xml
2025-10-24 11:23:05,662 [   6262]   INFO - STDOUT - Output written to /Users/vishnupk/generativepromptpluginsuggestionandroid/build/searchableOptions/gradle-java.jar/search/gradle-java.jar.searchableOptions.xml
2025-10-24 11:23:05,662 [   6262]   INFO - STDOUT - Output written to /Users/vishnupk/generativepromptpluginsuggestionandroid/build/searchableOptions/performanceTesting-async.jar/search/performanceTesting-async.jar.searchableOptions.xml
2025-10-24 11:23:05,662 [   6262]   INFO - STDOUT - Output written to /Users/vishnupk/generativepromptpluginsuggestionandroid/build/searchableOptions/properties.jar/search/properties.jar.searchableOptions.xml
2025-10-24 11:23:05,665 [   6265]   INFO - STDOUT - Output written to /Users/vishnupk/generativepromptpluginsuggestionandroid/build/searchableOptions/java-impl.jar/search/java-impl.jar.searchableOptions.xml
2025-10-24 11:23:05,673 [   6273]   INFO - STDOUT - Output written to /Users/vishnupk/generativepromptpluginsuggestionandroid/build/searchableOptions/app-client.jar/search/app-client.jar.searchableOptions.xml
2025-10-24 11:23:05,673 [   6273]   INFO - STDOUT - Output written to /Users/vishnupk/generativepromptpluginsuggestionandroid/build/searchableOptions/html-tools.jar/search/html-tools.jar.searchableOptions.xml
2025-10-24 11:23:05,673 [   6273]   INFO - STDOUT - Output written to /Users/vishnupk/generativepromptpluginsuggestionandroid/build/searchableOptions/vcs-perforce.jar/search/vcs-perforce.jar.searchableOptions.xml
2025-10-24 11:23:05,673 [   6273]   INFO - STDOUT - Output written to /Users/vishnupk/generativepromptpluginsuggestionandroid/build/searchableOptions/java-debugger-streams.jar/search/java-debugger-streams.jar.searchableOptions.xml
2025-10-24 11:23:05,674 [   6274]   INFO - STDOUT - Output written to /Users/vishnupk/generativepromptpluginsuggestionandroid/build/searchableOptions/gradle.jar/search/gradle.jar.searchableOptions.xml
2025-10-24 11:23:05,674 [   6274]   INFO - STDOUT - Output written to /Users/vishnupk/generativepromptpluginsuggestionandroid/build/searchableOptions/testng-plugin.jar/search/testng-plugin.jar.searchableOptions.xml
2025-10-24 11:23:05,674 [   6274]   INFO - STDOUT - Output written to /Users/vishnupk/generativepromptpluginsuggestionandroid/build/searchableOptions/grazie.jar/search/grazie.jar.searchableOptions.xml
2025-10-24 11:23:05,675 [   6275]   INFO - STDOUT - Output written to /Users/vishnupk/generativepromptpluginsuggestionandroid/build/searchableOptions/qodana.jar/search/qodana.jar.searchableOptions.xml
2025-10-24 11:23:05,676 [   6276]   INFO - STDOUT - Output written to /Users/vishnupk/generativepromptpluginsuggestionandroid/build/searchableOptions/app.jar/search/app.jar.searchableOptions.xml
2025-10-24 11:23:05,676 [   6276]   INFO - STDOUT - Output written to /Users/vishnupk/generativepromptpluginsuggestionandroid/build/searchableOptions/instrumented-GenerativePrompts-1.0.0.jar/search/instrumented-GenerativePrompts-1.0.0.jar.searchableOptions.xml
2025-10-24 11:23:05,677 [   6277]   INFO - STDOUT - Output written to /Users/vishnupk/generativepromptpluginsuggestionandroid/build/searchableOptions/completionMlRanking.jar/search/completionMlRanking.jar.searchableOptions.xml
2025-10-24 11:23:05,677 [   6277]   INFO - STDOUT - Output written to /Users/vishnupk/generativepromptpluginsuggestionandroid/build/searchableOptions/java-decompiler.jar/search/java-decompiler.jar.searchableOptions.xml
2025-10-24 11:23:05,677 [   6277]   INFO - STDOUT - Output written to /Users/vishnupk/generativepromptpluginsuggestionandroid/build/searchableOptions/vcs-hg.jar/search/vcs-hg.jar.searchableOptions.xml
2025-10-24 11:23:05,677 [   6277]   INFO - STDOUT - Output written to /Users/vishnupk/generativepromptpluginsuggestionandroid/build/searchableOptions/performanceTesting.jar/search/performanceTesting.jar.searchableOptions.xml
2025-10-24 11:23:05,678 [   6278]   INFO - STDOUT - Output written to /Users/vishnupk/generativepromptpluginsuggestionandroid/build/searchableOptions/vcs-gitlab.jar/search/vcs-gitlab.jar.searchableOptions.xml
2025-10-24 11:23:05,678 [   6278]   INFO - STDOUT - Output written to /Users/vishnupk/generativepromptpluginsuggestionandroid/build/searchableOptions/cwm-common.jar/search/cwm-common.jar.searchableOptions.xml
2025-10-24 11:23:05,678 [   6278]   INFO - STDOUT - Output written to /Users/vishnupk/generativepromptpluginsuggestionandroid/build/searchableOptions/java-i18n.jar/search/java-i18n.jar.searchableOptions.xml
2025-10-24 11:23:05,679 [   6279]   INFO - STDOUT - Output written to /Users/vishnupk/generativepromptpluginsuggestionandroid/build/searchableOptions/Groovy.jar!/search/Groovy.jar!.searchableOptions.xml
2025-10-24 11:23:05,679 [   6279]   INFO - STDOUT - Output written to /Users/vishnupk/generativepromptpluginsuggestionandroid/build/searchableOptions/emojipicker.jar/search/emojipicker.jar.searchableOptions.xml
2025-10-24 11:23:05,679 [   6279]   INFO - STDOUT - Output written to /Users/vishnupk/generativepromptpluginsuggestionandroid/build/searchableOptions/toml.jar/search/toml.jar.searchableOptions.xml
2025-10-24 11:23:05,680 [   6280]   INFO - STDOUT - Output written to /Users/vishnupk/generativepromptpluginsuggestionandroid/build/searchableOptions/platform-ijent-impl.jar/search/platform-ijent-impl.jar.searchableOptions.xml
2025-10-24 11:23:05,680 [   6280]   INFO - STDOUT - Output written to /Users/vishnupk/generativepromptpluginsuggestionandroid/build/searchableOptions/idea-junit.jar/search/idea-junit.jar.searchableOptions.xml
2025-10-24 11:23:05,681 [   6281]   INFO - STDOUT - Output written to /Users/vishnupk/generativepromptpluginsuggestionandroid/build/searchableOptions/yaml.jar/search/yaml.jar.searchableOptions.xml
2025-10-24 11:23:05,681 [   6281]   INFO - STDOUT - Output written to /Users/vishnupk/generativepromptpluginsuggestionandroid/build/searchableOptions/packageChecker.jar/search/packageChecker.jar.searchableOptions.xml
2025-10-24 11:23:05,681 [   6281]   INFO - STDOUT - Output written to /Users/vishnupk/generativepromptpluginsuggestionandroid/build/searchableOptions/platform-tracing-ide.jar/search/platform-tracing-ide.jar.searchableOptions.xml
2025-10-24 11:23:05,682 [   6282]   INFO - STDOUT - Output written to /Users/vishnupk/generativepromptpluginsuggestionandroid/build/searchableOptions/editorconfig.jar/search/editorconfig.jar.searchableOptions.xml
2025-10-24 11:23:05,682 [   6282]   INFO - STDOUT - Output written to /Users/vishnupk/generativepromptpluginsuggestionandroid/build/searchableOptions/vcs-github.jar/search/vcs-github.jar.searchableOptions.xml
2025-10-24 11:23:05,683 [   6283]   INFO - STDOUT - Output written to /Users/vishnupk/generativepromptpluginsuggestionandroid/build/searchableOptions/platform-langInjection.jar/search/platform-langInjection.jar.searchableOptions.xml
2025-10-24 11:23:05,683 [   6283]   INFO - STDOUT - Output written to /Users/vishnupk/generativepromptpluginsuggestionandroid/build/searchableOptions/platform-images.jar/search/platform-images.jar.searchableOptions.xml
2025-10-24 11:23:05,684 [   6284]   INFO - STDOUT - Output written to /Users/vishnupk/generativepromptpluginsuggestionandroid/build/searchableOptions/vcs-git.jar/search/vcs-git.jar.searchableOptions.xml
2025-10-24 11:23:05,686 [   6286]   INFO - STDOUT - Output written to /Users/vishnupk/generativepromptpluginsuggestionandroid/build/searchableOptions/kotlin-plugin.jar/search/kotlin-plugin.jar.searchableOptions.xml
2025-10-24 11:23:05,686 [   6286]   INFO - STDOUT - Output written to /Users/vishnupk/generativepromptpluginsuggestionandroid/build/searchableOptions/modules.jar/search/modules.jar.searchableOptions.xml
2025-10-24 11:23:05,686 [   6286]   INFO - STDOUT - Output written to /Users/vishnupk/generativepromptpluginsuggestionandroid/build/searchableOptions/indexing-shared.jar/search/indexing-shared.jar.searchableOptions.xml
2025-10-24 11:23:05,686 [   6286]   INFO - STDOUT - Output written to /Users/vishnupk/generativepromptpluginsuggestionandroid/build/searchableOptions/featuresTrainer.jar/search/featuresTrainer.jar.searchableOptions.xml
2025-10-24 11:23:05,687 [   6287]   INFO - STDOUT - Output written to /Users/vishnupk/generativepromptpluginsuggestionandroid/build/searchableOptions/kotlin-plugin.jar!/search/kotlin-plugin.jar!.searchableOptions.xml
2025-10-24 11:23:05,687 [   6287]   INFO - STDOUT - Output written to /Users/vishnupk/generativepromptpluginsuggestionandroid/build/searchableOptions/cwm-host.jar/search/cwm-host.jar.searchableOptions.xml
2025-10-24 11:23:05,687 [   6287]   INFO - STDOUT - Output written to /Users/vishnupk/generativepromptpluginsuggestionandroid/build/searchableOptions/gradle-java-maven.jar/search/gradle-java-maven.jar.searchableOptions.xml
2025-10-24 11:23:05,687 [   6287]   INFO - STDOUT - Output written to /Users/vishnupk/generativepromptpluginsuggestionandroid/build/searchableOptions/settingsSync.jar/search/settingsSync.jar.searchableOptions.xml
2025-10-24 11:23:05,687 [   6287]   INFO - STDOUT - Searchable options index builder completed
2025-10-24 11:23:05,688 [   6288]   INFO - #c.i.u.i.FileBasedIndexImpl - Index dispose started
2025-10-24 11:23:05,706 [   6306]   INFO - #c.i.p.s.StubIndexImpl - StubIndexExtension-s were unloaded
2025-10-24 11:23:05,707 [   6307]   INFO - #c.i.p.s.SerializationManagerImpl - Start shutting down /Users/vishnupk/generativepromptpluginsuggestionandroid/build/idea-sandbox/system/index/rep.names
2025-10-24 11:23:05,707 [   6307]   INFO - #c.i.p.s.SerializationManagerImpl - Finished shutting down /Users/vishnupk/generativepromptpluginsuggestionandroid/build/idea-sandbox/system/index/rep.names
2025-10-24 11:23:05,707 [   6307]   INFO - #c.i.u.i.FileBasedIndexImpl - Index dispose completed in 19ms.
2025-10-24 11:23:05,710 [   6310]   INFO - #c.i.o.v.n.p.PersistentFSImpl - VFS dispose started
2025-10-24 11:23:05,713 [   6313]   INFO - #c.i.o.v.n.p.PersistentFSImpl - VFS dispose completed in 3ms.
2025-10-24 11:23:05,723 [   6323]   INFO - #c.i.p.i.b.AppStarter - ------------------------------------------------------ IDE SHUTDOWN ------------------------------------------------------
2025-10-24 11:25:07,555 [     15]   INFO - #c.i.p.i.b.AppStarter - ------------------------------------------------------ IDE STARTED ------------------------------------------------------
2025-10-24 11:25:07,560 [     20]   INFO - #c.i.u.EnvironmentUtil - loading shell env is skipped: IDE has been launched from a terminal (SHLVL=1)
2025-10-24 11:25:07,566 [     26]   INFO - #c.i.i.p.PluginManager - Plugin PluginDescriptor(name=Groovy, id=org.intellij.groovy, descriptorPath=plugin.xml, path=~/.gradle/caches/modules-2/files-2.1/com.jetbrains.intellij.idea/ideaIC/2023.3.1/592822ae84dd5e9f1290f1c10132742718a183a5/ideaIC-2023.3.1/plugins/Groovy, version=233.11799.300, package=org.jetbrains.plugins.groovy, isBundled=true) misses optional descriptor duplicates-groovy.xml
2025-10-24 11:25:07,567 [     27]   INFO - #c.i.i.p.PluginManager - Plugin PluginDescriptor(name=Groovy, id=org.intellij.groovy, descriptorPath=plugin.xml, path=~/.gradle/caches/modules-2/files-2.1/com.jetbrains.intellij.idea/ideaIC/2023.3.1/592822ae84dd5e9f1290f1c10132742718a183a5/ideaIC-2023.3.1/plugins/Groovy, version=233.11799.300, package=org.jetbrains.plugins.groovy, isBundled=true) misses optional descriptor duplicates-detection-groovy.xml
2025-10-24 11:25:07,576 [     36]   INFO - #c.i.p.i.b.AppStarter - JNA library (64-bit) loaded in 17 ms
2025-10-24 11:25:07,578 [     38]   INFO - #c.i.u.i.PageCacheUtils - File page caching params:
2025-10-24 11:25:07,578 [     38]   INFO - #c.i.p.i.b.AppStarter - IDE: IntelliJ IDEA (build #IC-233.11799.300, Tue, 12 Dec 2023 05:06:00 GMT)
2025-10-24 11:25:07,578 [     38]   INFO - #c.i.u.i.PageCacheUtils - 	DEFAULT_PAGE_SIZE: 10485760
2025-10-24 11:25:07,579 [     39]   INFO - #c.i.u.i.PageCacheUtils - 	Direct memory to use, max: 2126512128
2025-10-24 11:25:07,578 [     38]   INFO - #c.i.p.i.b.AppStarter - OS: Mac OS X (14.5)
2025-10-24 11:25:07,579 [     39]   INFO - #c.i.u.i.PageCacheUtils - 	FilePageCache: regular + lock-free (LOCK_FREE_PAGE_CACHE_ENABLED:true)
2025-10-24 11:25:07,579 [     39]   INFO - #c.i.p.i.b.AppStarter - JRE: 17.0.9+7-b1087.7, aarch64 (JetBrains s.r.o.)
2025-10-24 11:25:07,580 [     40]   INFO - #c.i.p.i.b.AppStarter - JVM: 17.0.9+7-b1087.7 (OpenJDK 64-Bit Server VM)
2025-10-24 11:25:07,580 [     40]   INFO - #c.i.u.i.PageCacheUtils - 	NEW_PAGE_CACHE_MEMORY_FRACTION: 0.20000000298023224
2025-10-24 11:25:07,581 [     41]   INFO - #c.i.u.i.PageCacheUtils - 	Regular FilePageCache: 503316478 bytes
2025-10-24 11:25:07,581 [     41]   INFO - #c.i.u.i.PageCacheUtils - 	New     FilePageCache: 125829122 bytes (+ up to 10.0% overflow)
2025-10-24 11:25:07,582 [     42]   INFO - #c.i.u.i.PageCacheUtils - 	DirectByteBuffers pool: 104857600 bytes
2025-10-24 11:25:07,584 [     44]   INFO - #c.i.p.i.b.AppStarter - PID: 68476
2025-10-24 11:25:07,586 [     46]   INFO - #c.i.p.i.b.AppStarter - JVM options: [-Daether.connector.resumeDownloads=false, -Dapple.awt.application.appearance=system, -Dapple.awt.fileDialogForDirectories=true, -Dapple.laf.useScreenMenuBar=true, -Didea.auto.reload.plugins=true, -Didea.classpath.index.enabled=false, -Didea.config.path=/Users/vishnupk/generativepromptpluginsuggestionandroid/build/idea-sandbox/config, -Didea.is.internal=true, -Didea.log.path=/Users/vishnupk/generativepromptpluginsuggestionandroid/build/idea-sandbox/system/log, -Didea.paths.selector=IdeaIC2023.3, -Didea.platform.prefix=Idea, -Didea.plugin.in.sandbox.mode=true, -Didea.plugins.path=/Users/vishnupk/generativepromptpluginsuggestionandroid/build/idea-sandbox/plugins, -Didea.required.plugins.id=com.vishnuu.gpsplugin, -Didea.smooth.progress=false, -Didea.system.path=/Users/vishnupk/generativepromptpluginsuggestionandroid/build/idea-sandbox/system, -Didea.vendor.name=JetBrains, -Dintellij.platform.runtime.repository.path=/Users/vishnupk/.gradle/caches/modules-2/files-2.1/com.jetbrains.intellij.idea/ideaIC/2023.3.1/592822ae84dd5e9f1290f1c10132742718a183a5/ideaIC-2023.3.1/modules/module-descriptors.jar, -Djava.system.class.loader=com.intellij.util.lang.PathClassLoader, -Djbr.catch.SIGABRT=true, -Djdk.attach.allowAttachSelf=true, -Djdk.http.auth.tunneling.disabledSchemes="", -Djdk.module.illegalAccess.silent=true, -Djna.boot.library.path=/Users/vishnupk/.gradle/caches/modules-2/files-2.1/com.jetbrains.intellij.idea/ideaIC/2023.3.1/592822ae84dd5e9f1290f1c10132742718a183a5/ideaIC-2023.3.1/lib/jna/aarch64, -Djna.noclasspath=true, -Djna.nosys=true, -Dpty4j.preferred.native.folder=/Users/vishnupk/.gradle/caches/modules-2/files-2.1/com.jetbrains.intellij.idea/ideaIC/2023.3.1/592822ae84dd5e9f1290f1c10132742718a183a5/ideaIC-2023.3.1/lib/pty4j, -Dsplash=true, -Dsun.io.useCanonCaches=false, -Dsun.java2d.metal=true, -XX:ReservedCodeCacheSize=512m, -XX:+UseG1GC, -XX:SoftRefLRUPolicyMSPerMB=50, -XX:CICompilerCount=2, -XX:+HeapDumpOnOutOfMemoryError, -XX:-OmitStackTraceInFastThrow, -XX:+IgnoreUnrecognizedVMOptions, -XX:CompileCommand=exclude,com/intellij/openapi/vfs/impl/FilePartNodeRoot,trieDescend, -javaagent:/Users/vishnupk/generativepromptpluginsuggestionandroid/build/tmp/initializeIntelliJPlugin/coroutines-javaagent.jar, --add-opens=java.base/java.io=ALL-UNNAMED, --add-opens=java.base/java.lang=ALL-UNNAMED, --add-opens=java.base/java.lang.ref=ALL-UNNAMED, --add-opens=java.base/java.lang.reflect=ALL-UNNAMED, --add-opens=java.base/java.net=ALL-UNNAMED, --add-opens=java.base/java.nio=ALL-UNNAMED, --add-opens=java.base/java.nio.charset=ALL-UNNAMED, --add-opens=java.base/java.text=ALL-UNNAMED, --add-opens=java.base/java.time=ALL-UNNAMED, --add-opens=java.base/java.util=ALL-UNNAMED, --add-opens=java.base/java.util.concurrent=ALL-UNNAMED, --add-opens=java.base/java.util.concurrent.atomic=ALL-UNNAMED, --add-opens=java.base/java.util.concurrent.locks=ALL-UNNAMED, --add-opens=java.base/jdk.internal.vm=ALL-UNNAMED, --add-opens=java.base/sun.nio.ch=ALL-UNNAMED, --add-opens=java.base/sun.nio.fs=ALL-UNNAMED, --add-opens=java.base/sun.security.ssl=ALL-UNNAMED, --add-opens=java.base/sun.security.util=ALL-UNNAMED, --add-opens=java.base/sun.net.dns=ALL-UNNAMED, --add-opens=java.desktop/com.apple.eawt=ALL-UNNAMED, --add-opens=java.desktop/com.apple.eawt.event=ALL-UNNAMED, --add-opens=java.desktop/com.apple.laf=ALL-UNNAMED, --add-opens=java.desktop/java.awt=ALL-UNNAMED, --add-opens=java.desktop/java.awt.dnd.peer=ALL-UNNAMED, --add-opens=java.desktop/java.awt.event=ALL-UNNAMED, --add-opens=java.desktop/java.awt.image=ALL-UNNAMED, --add-opens=java.desktop/java.awt.peer=ALL-UNNAMED, --add-opens=java.desktop/java.awt.font=ALL-UNNAMED, --add-opens=java.desktop/javax.swing=ALL-UNNAMED, --add-opens=java.desktop/javax.swing.plaf.basic=ALL-UNNAMED, --add-opens=java.desktop/javax.swing.text.html=ALL-UNNAMED, --add-opens=java.desktop/sun.awt.datatransfer=ALL-UNNAMED, --add-opens=java.desktop/sun.awt.image=ALL-UNNAMED, --add-opens=java.desktop/sun.awt=ALL-UNNAMED, --add-opens=java.desktop/sun.font=ALL-UNNAMED, --add-opens=java.desktop/sun.java2d=ALL-UNNAMED, --add-opens=java.desktop/sun.lwawt=ALL-UNNAMED, --add-opens=java.desktop/sun.lwawt.macosx=ALL-UNNAMED, --add-opens=java.desktop/sun.swing=ALL-UNNAMED, --add-opens=java.desktop/com.sun.java.swing=ALL-UNNAMED, --add-opens=jdk.attach/sun.tools.attach=ALL-UNNAMED, --add-opens=jdk.compiler/com.sun.tools.javac.api=ALL-UNNAMED, --add-opens=jdk.internal.jvmstat/sun.jvmstat.monitor=ALL-UNNAMED, --add-opens=jdk.jdi/com.sun.tools.jdi=ALL-UNNAMED, -Xms128m, -Xmx2048m, -Dfile.encoding=UTF-8, -Duser.country=IN, -Duser.language=en, -Duser.variant, -ea]
2025-10-24 11:25:07,586 [     46]   INFO - #c.i.p.i.b.AppStarter - args: traverseUI /Users/vishnupk/generativepromptpluginsuggestionandroid/build/searchableOptions true
2025-10-24 11:25:07,586 [     46]   INFO - #c.i.p.i.b.AppStarter - library path: /Users/vishnupk/Library/Java/Extensions:/Library/Java/Extensions:/Network/Library/Java/Extensions:/System/Library/Java/Extensions:/usr/lib/java:.
2025-10-24 11:25:07,587 [     47]   INFO - #c.i.p.i.b.AppStarter - boot library path: /Users/vishnupk/.gradle/caches/modules-2/files-2.1/com.jetbrains/jbre/jbr_jcef-17.0.9-osx-aarch64-b1087.7/extracted/jbr_jcef-17.0.9-osx-aarch64-b1087.7/Contents/Home/lib
2025-10-24 11:25:07,594 [     54]   INFO - #c.i.p.i.b.AppStarter - locale=en_IN JNU=UTF-8 file.encoding=UTF-8
    idea.config.path=/Users/vishnupk/generativepromptpluginsuggestionandroid/build/idea-sandbox/config
    idea.system.path=/Users/vishnupk/generativepromptpluginsuggestionandroid/build/idea-sandbox/system
    idea.plugins.path=/Users/vishnupk/generativepromptpluginsuggestionandroid/build/idea-sandbox/plugins
    idea.log.path=/Users/vishnupk/generativepromptpluginsuggestionandroid/build/idea-sandbox/system/log
2025-10-24 11:25:07,597 [     57]   INFO - #c.i.p.i.b.AppStarter - CPU cores: 8; ForkJoinPool.commonPool: java.util.concurrent.ForkJoinPool@1b1cec67[Running, parallelism = 8, size = 0, active = 0, running = 0, steals = 0, tasks = 0, submissions = 0]; factory: com.intellij.concurrency.IdeaForkJoinWorkerThreadFactory@775f0920
2025-10-24 11:25:07,612 [     72]   INFO - #c.i.i.p.PluginManager - Module intellij.sh.python is not enabled because dependency com.intellij.modules.python is not available
Module intellij.space.gateway is not enabled because dependency com.jetbrains.gateway is not available
Module intellij.space.php is not enabled because dependency com.jetbrains.php is not available
Module intellij.groovy/ant is not enabled because dependency AntSupport is not available
Module intellij.space.index is not enabled because dependency intellij.indexing.shared is not available
Module intellij.qodana.jvm.swagger is not enabled because dependency com.intellij.swagger is not available
Module intellij.qodana.python is not enabled because dependency Pythonid is not available
Module intellij.qodana.php is not enabled because dependency com.jetbrains.php is not available
Module intellij.qodana.js is not enabled because dependency JavaScript is not available
Module intellij.packageChecker.python is not enabled because dependency com.intellij.modules.python is not available
Module intellij.packageChecker.javascript is not enabled because dependency JavaScript is not available
Module intellij.packageChecker.go is not enabled because dependency org.jetbrains.plugins.go is not available
2025-10-24 11:25:07,620 [     80]   INFO - #c.i.i.p.PluginManager - Loaded bundled plugins: Package Checker (233.11799.300), Gradle (233.11799.300), Gradle-Java (233.11799.300), Copyright (233.11799.300), Async Profiler for IDE Performance Testing (233.11799.300), JavaFX (233.11799.300), Markdown (233.11799.300), Code Coverage for Java (233.11799.300), YAML (233.11799.300), Code With Me (233.11799.300), Toml (233.11799.300), IntelliLang (233.11799.300), Visual Studio Keymap (233.11799.300), GitLab (233.11799.300), Gradle-Maven (233.11799.300), TestNG (233.11799.300), Java (233.11799.300), Git (233.11799.300), Subversion (233.11799.300), Properties (233.11799.300), Shared Indexes (233.11799.300), IDE Features Trainer (233.11799.300), UI Designer (233.11799.300), JUnit (233.11799.300), GitHub (233.11799.300), Space (233.11799.300), Configuration Script (233.11799.300), Eclipse Keymap (233.11799.300), Maven (233.11799.300), Mercurial (233.11799.300), Images (233.11799.300), Machine Learning in Search Everywhere (233.11799.300), Bytecode Viewer (233.11799.300), Gradle Dependency Updater Implementation (233.11799.300), Kotlin (233.11799.300-IJ), JetBrains maven model api classes (233.11799.300), Java IDE Customization (233.11799.300), Maven server api classes (233.11799.300), NetBeans Keymap (233.11799.300), Eclipse Interoperability (233.11799.300), EditorConfig (233.11799.300), intellij.platform.ijent.impl (233.11799.300), Performance Testing (233.11799.300), Groovy (233.11799.300), Java Bytecode Decompiler (233.11799.300), Turbo Complete (233.11799.300), Task Management (233.11799.300), com.intellij.dev (233.11799.300), WebP Support (233.11799.300), IDEA CORE (233.11799.300), Gradle-Java-Analysis (233.11799.300), Settings Sync (233.11799.300), JetBrains Repository Search (233.11799.300), Grazie Lite (233.11799.300), Terminal (233.11799.300), Qodana (233.11799.300), TextMate Bundles (233.11799.300), Emoji Picker (233.11799.300), Java Stream Debugger (233.11799.300), HTML Tools (233.11799.300), Shell Script (233.11799.300), Java Internationalization (233.11799.300), com.intellij.tracing.ide (233.11799.300), Perforce Helix Core (233.11799.300), JetBrains Marketplace Licensing (233.11799.300), Machine Learning Code Completion (233.11799.300), Gradle DSL API (233.11799.300)
2025-10-24 11:25:07,621 [     81]   INFO - #c.i.i.p.PluginManager - Loaded custom plugins: Generative Prompts (1.0.0)
2025-10-24 11:25:07,696 [    156]   INFO - #c.i.o.v.n.p.FSRecords - VFS health-check enabled: first after 600000 ms, and each following 43200000 ms
2025-10-24 11:25:07,726 [    186]   INFO - #c.i.a.o.PathMacrosImpl - Loaded path macros: {MAVEN_REPOSITORY=/Users/vishnupk/.m2/repository}
2025-10-24 11:25:07,740 [    200]   WARN - #c.i.s.ComponentManagerImpl - `preload=true` must be used only for core services (service=com.jetbrains.rdserver.statistics.BackendStatisticsManager, plugin=com.jetbrains.codeWithMe)
2025-10-24 11:25:07,755 [    215]   INFO - #c.j.r.p.c.a.u.F.L - Start Wire Storage check: Check Wire Buffer Size
2025-10-24 11:25:07,761 [    221]   INFO - #c.i.i.p.ExpiredPluginsState - Plugins to skip: []
2025-10-24 11:25:07,768 [    228]   INFO - #c.i.o.v.n.p.PersistentFSLoader - VFS uses 'fast' names enumerator (over mmapped file)
2025-10-24 11:25:07,769 [    229]   INFO - #c.i.o.v.n.p.PersistentFSLoader - VFS uses streamlined attributes storage (over mmapped file)
2025-10-24 11:25:07,770 [    230]   INFO - #c.i.o.v.n.p.PersistentFSLoader - VFS uses content hash storage over mmapped file
2025-10-24 11:25:07,770 [    230]   INFO - #c.i.o.v.n.p.PersistentFSLoader - VFS uses content storage over new FilePageCache
2025-10-24 11:25:07,804 [    264]   INFO - #c.i.o.v.n.p.PersistentFSLoader - VFS: impl (expected) version=846656, 14 file records, 0 content blobs
2025-10-24 11:25:07,813 [    273]   INFO - #c.i.o.v.n.p.FSRecordsImpl - VFS scanned: file-by-name index was populated
2025-10-24 11:25:07,814 [    274]   INFO - #c.i.o.v.n.p.FSRecordsImpl - VFS initialized: 53 ms, 0 failed attempts, 0 error(s) were recovered
2025-10-24 11:25:07,855 [    315]   INFO - #o.j.i.BuiltInServerManager - built-in server started, port 63343
2025-10-24 11:25:07,900 [    360]   WARN - #c.i.u.n.s.ConfirmingTrustManager - Received an empty list of custom trusted root certificates from the system. Check log above for possible errors, enable debug logging in category 'org.jetbrains.nativecerts' for more information
2025-10-24 11:25:07,903 [    363]   INFO - #c.i.u.n.s.CertificateManager - Default SSL context initialized
2025-10-24 11:25:07,931 [    391]   WARN - #c.i.s.ComponentManagerImpl - com.intellij.psi.search.FilenameIndex initializer requests com.intellij.ide.plugins.PluginUtil instance
2025-10-24 11:25:07,938 [    398]   INFO - #c.i.o.v.i.l.NativeFileWatcherImpl - Native file watcher is disabled
2025-10-24 11:25:07,981 [    441]   INFO - #c.i.i.s.p.i.SharedIndexMainZipStorage - Shared Indexes Storage is opened and empty
2025-10-24 11:25:08,223 [    683]   INFO - #c.i.u.i.FileBasedIndexImpl - Indices to be built:FilenameIndex(v = 258)
2025-10-24 11:25:08,226 [    686]   INFO - #c.i.u.i.FileBasedIndexImpl - Using nice flusher for indexes
2025-10-24 11:25:08,230 [    690]   INFO - #c.i.u.i.IndexDataInitializer - Index data initialization done: 301 ms. Initialized indexes: [filetypes, FilenameIndex, Trigram.Index, DomFileIndex, FrameworkDetectionIndex, fileIncludes, XmlTagNames, RelaxSymbolIndex, TodoIndex, IdIndex, XmlNamespaces, html5.custom.attributes.index, SchemaTypeInheritance, json.file.root.values, java.auto.module.name, yaml.keys.name, xmlProperties, editorconfig.index.name, HtmlTagIdIndex, java.source.module.name, java.null.method.argument, java.fun.expression, JavaFxControllerClassIndex, java.binary.plus.expression, javafx.id.name, javafx.custom.component, org.jetbrains.kotlin.idea.versions.KotlinJvmMetadataVersionIndex, bytecodeAnalysis, org.jetbrains.kotlin.idea.versions.KotlinJsMetadataVersionIndex, org.jetbrains.kotlin.idea.vfilefinder.KotlinClassFileIndex, org.jetbrains.kotlin.idea.vfilefinder.KotlinJavaScriptMetaFileIndex, org.jetbrains.kotlin.idea.vfilefinder.KotlinMetadataFilePackageIndex, org.jetbrains.kotlin.idea.vfilefinder.KotlinPartialPackageNamesIndex, org.jetbrains.kotlin.idea.vfilefinder.KotlinModuleMappingIndex, org.jetbrains.kotlin.idea.vfilefinder.KotlinMetadataFileIndex, org.jetbrains.kotlin.idea.vfilefinder.KotlinStdlibIndex, org.jetbrains.kotlin.idea.vfilefinder.KotlinJvmModuleAnnotationsIndex, org.jetbrains.kotlin.idea.vfilefinder.KotlinBuiltInsMetadataIndex, org.jetbrains.kotlin.idea.vfilefinder.KotlinPackageSourcesMemberNamesIndex, org.jetbrains.kotlin.idea.vfilefinder.KotlinShortClassNameFileIndex, org.jetbrains.kotlin.idea.base.indices.names.KotlinTopLevelCallableByPackageShortNameIndex, com.intellij.uiDesigner.FormClassIndex, org.jetbrains.kotlin.idea.base.indices.names.KotlinTopLevelClassLikeDeclarationByPackageShortNameIndex, Stubs, org.jetbrains.kotlin.idea.vfilefinder.KlibMetaFileIndex].
2025-10-24 11:25:08,282 [    742]   INFO - #c.i.u.i.IndexDataInitializer - Index data initialization done: 52 ms. Initialized stub indexes: {kotlin.primeIndexKey, org.jetbrains.kotlin.idea.stubindex.KotlinOverridableInternalMembersShortNameIndex, org.jetbrains.kotlin.idea.stubindex.KotlinSubclassObjectNameIndex, org.jetbrains.kotlin.idea.stubindex.KotlinClassShortNameIndex, org.jetbrains.kotlin.idea.stubindex.KotlinScriptFqnIndex, dom.namespaceKey, java.module.name, dom.elementClass, gr.script.class, java.annotations, java.method.name, java.method.parameter.types, org.jetbrains.kotlin.idea.stubindex.KotlinTopLevelPropertyFqnNameIndex, org.jetbrains.kotlin.idea.stubindex.KotlinTopLevelExtensionsByReceiverTypeIndex, java.class.extlist, org.jetbrains.kotlin.idea.stubindex.KotlinFilePartClassIndex, org.jetbrains.kotlin.idea.stubindex.KotlinExtensionsInObjectsByReceiverTypeIndex, org.jetbrains.kotlin.idea.stubindex.KotlinTopLevelClassByPackageIndex, properties.index, org.jetbrains.kotlin.idea.stubindex.KotlinProbablyNothingFunctionShortNameIndex, org.jetbrains.kotlin.idea.stubindex.KotlinProbablyContractedFunctionShortNameIndex, org.jetbrains.kotlin.idea.stubindex.KotlinTopLevelFunctionByPackageIndex, org.jetbrains.kotlin.idea.stubindex.KotlinTopLevelTypeAliasByPackageIndex, gr.script.fqn.s, org.jetbrains.kotlin.idea.stubindex.KotlinTopLevelPropertyByPackageIndex, org.jetbrains.kotlin.idea.stubindex.KotlinFileFacadeFqNameIndex, gr.class.fqn.s, org.jetbrains.kotlin.idea.stubindex.KotlinFileFacadeClassByPackageIndex, org.jetbrains.kotlin.idea.stubindex.KotlinTopLevelFunctionFqnNameIndex, org.jetbrains.kotlin.idea.stubindex.KotlinTypeAliasByExpansionShortNameIndex, gr.method.name, org.jetbrains.kotlin.idea.stubindex.KotlinJvmNameAnnotationIndex, gr.annot.members, org.jetbrains.kotlin.idea.stubindex.KotlinFullClassNameIndex, jvm.static.member.type, gr.field.name, java.class.shortname, org.jetbrains.kotlin.idea.stubindex.KotlinFunctionShortNameIndex, gr.annot.method.name, org.jetbrains.kotlin.idea.stubindex.KotlinPropertyShortNameIndex, java.anonymous.baseref, gr.class.super, org.jetbrains.kotlin.idea.stubindex.KotlinFileFacadeShortNameIndex, org.jetbrains.kotlin.idea.stubindex.KotlinProbablyNothingPropertyShortNameIndex, java.unnamed.class, java.field.name, org.jetbrains.kotlin.idea.stubindex.KotlinMultifileClassPartIndex, java.class.fqn, org.jetbrains.kotlin.idea.stubindex.KotlinExactPackagesIndex, gr.anonymous.class, markdown.header.anchor, org.jetbrains.kotlin.idea.stubindex.KotlinTopLevelTypeAliasFqNameIndex, org.jetbrains.kotlin.idea.stubindex.KotlinAnnotationsIndex, org.jetbrains.kotlin.idea.stubindex.KotlinTypeAliasShortNameIndex, jvm.static.member.name, org.jetbrains.kotlin.idea.stubindex.KotlinInnerTypeAliasClassIdIndex, markdown.header, org.jetbrains.kotlin.idea.stubindex.KotlinSuperClassIndex}.
2025-10-24 11:25:08,561 [   1021]   WARN - #c.i.s.ComponentManagerImpl - org.zmlx.hg4idea.provider.HgChangeProvider initializer requests com.intellij.openapi.vcs.FileStatusFactory instance
2025-10-24 11:25:09,201 [   1661]   INFO - #c.i.i.p.n.PluginsGroupComponentWithProgress - Marketplace tab: loading stopped
2025-10-24 11:25:09,211 [   1671]   INFO - #c.i.i.p.PluginManagerConfigurable - Marketplace tab: 'Staff Picks' group load started
2025-10-24 11:25:09,561 [   2021]   INFO - #c.i.i.p.PluginManagerConfigurable - Marketplace tab: 'Staff Picks' group load finished
2025-10-24 11:25:09,561 [   2021]   INFO - #c.i.i.p.PluginManagerConfigurable - Marketplace tab: 'New and Updated' group load started
2025-10-24 11:25:09,805 [   2265]   WARN - #c.i.s.ComponentManagerImpl - com.intellij.codeInsight.daemon.LineMarkerProviders initializer requests com.intellij.codeInsight.daemon.LineMarkerProviders instance
2025-10-24 11:25:09,842 [   2302]   INFO - #c.i.i.p.PluginManagerConfigurable - Marketplace tab: 'New and Updated' group load finished
2025-10-24 11:25:09,843 [   2303]   INFO - #c.i.i.p.PluginManagerConfigurable - Marketplace tab: 'Top Downloads' group load started
2025-10-24 11:25:10,100 [   2560]   INFO - #c.i.i.p.PluginManagerConfigurable - Marketplace tab: 'Top Downloads' group load finished
2025-10-24 11:25:10,100 [   2560]   INFO - #c.i.i.p.PluginManagerConfigurable - Marketplace tab: 'Top Rated' group load started
2025-10-24 11:25:10,184 [   2644]   INFO - #c.i.o.a.i.NonBlockingReadActionImpl - OTel monitoring for NonBlockingReadAction is enabled
2025-10-24 11:25:10,389 [   2849]   INFO - #c.i.i.p.PluginManagerConfigurable - Marketplace tab: 'Top Rated' group load finished
2025-10-24 11:25:10,569 [   3029]   WARN - #c.i.s.ComponentManagerImpl - com.intellij.psi.LanguageSubstitutors initializer requests com.intellij.psi.LanguageSubstitutors instance
2025-10-24 11:25:11,668 [   4128]   INFO - #c.i.r.OsRegistryConfigProvider - Looking for 'lobbyServerUrl' value in [/Library/Application Support/JetBrains/CodeWithMe/lobbyServerUrl, /Library/Application Support/JetBrains/CodeWithMe/config.json, /Users/vishnupk/Library/Application Support/JetBrains/CodeWithMe/lobbyServerUrl, /Users/vishnupk/Library/Application Support/JetBrains/CodeWithMe/config.json]
2025-10-24 11:25:11,668 [   4128]   INFO - #c.i.r.OsRegistryConfigProvider - OS provided value for 'lobbyServerUrl' is not found
2025-10-24 11:25:11,669 [   4129]   INFO - #c.j.r.p.c.u.CodeWithMeSystemSettings - Setting default value='https://code-with-me.jetbrains.com'
2025-10-24 11:25:11,676 [   4136]   INFO - #c.i.r.OsRegistryConfigProvider - Looking for 'lobbyServerUrl' value in [/Library/Application Support/JetBrains/CodeWithMe/lobbyServerUrl, /Library/Application Support/JetBrains/CodeWithMe/config.json, /Users/vishnupk/Library/Application Support/JetBrains/CodeWithMe/lobbyServerUrl, /Users/vishnupk/Library/Application Support/JetBrains/CodeWithMe/config.json]
2025-10-24 11:25:11,676 [   4136]   INFO - #c.i.r.OsRegistryConfigProvider - OS provided value for 'lobbyServerUrl' is not found
2025-10-24 11:25:11,676 [   4136]   INFO - #c.j.r.p.c.u.CodeWithMeSystemSettings - Setting default value='https://code-with-me.jetbrains.com'
2025-10-24 11:25:11,804 [   4264]   WARN - #c.i.s.ComponentManagerImpl - com.intellij.psi.codeStyle.CodeStyleSettingsCustomizable initializer requests com.intellij.util.LocaleSensitiveApplicationCacheService instance
2025-10-24 11:25:12,544 [   5004]   WARN - #c.i.u.j.JBCefApp - JCEF is manually disabled in headless env via 'ide.browser.jcef.headless.enabled=false'
2025-10-24 11:25:12,547 [   5007]   INFO - #org.intellij.plugins.markdown.settings.MarkdownSettings - Migrating Markdown settings
2025-10-24 11:25:12,993 [   5453]   INFO - STDOUT - Found 205 configurables
2025-10-24 11:25:13,029 [   5489]   INFO - #c.i.i.p.n.PluginsGroupComponentWithProgress - Marketplace tab: loading stopped
2025-10-24 11:25:13,773 [   6233]   INFO - STDOUT - Output written to /Users/vishnupk/generativepromptpluginsuggestionandroid/build/searchableOptions/textmate.jar/search/textmate.jar.searchableOptions.xml
2025-10-24 11:25:13,776 [   6236]   INFO - STDOUT - Output written to /Users/vishnupk/generativepromptpluginsuggestionandroid/build/searchableOptions/markdown.jar/search/markdown.jar.searchableOptions.xml
2025-10-24 11:25:13,776 [   6236]   INFO - STDOUT - Output written to /Users/vishnupk/generativepromptpluginsuggestionandroid/build/searchableOptions/IntelliLang.jar/search/IntelliLang.jar.searchableOptions.xml
2025-10-24 11:25:13,777 [   6237]   INFO - STDOUT - Output written to /Users/vishnupk/generativepromptpluginsuggestionandroid/build/searchableOptions/eclipse.jar/search/eclipse.jar.searchableOptions.xml
2025-10-24 11:25:13,777 [   6237]   INFO - STDOUT - Output written to /Users/vishnupk/generativepromptpluginsuggestionandroid/build/searchableOptions/tasks-core.jar/search/tasks-core.jar.searchableOptions.xml
2025-10-24 11:25:13,778 [   6238]   INFO - STDOUT - Output written to /Users/vishnupk/generativepromptpluginsuggestionandroid/build/searchableOptions/sh.jar/search/sh.jar.searchableOptions.xml
2025-10-24 11:25:13,778 [   6238]   INFO - STDOUT - Output written to /Users/vishnupk/generativepromptpluginsuggestionandroid/build/searchableOptions/java-coverage.jar/search/java-coverage.jar.searchableOptions.xml
2025-10-24 11:25:13,778 [   6238]   INFO - STDOUT - Output written to /Users/vishnupk/generativepromptpluginsuggestionandroid/build/searchableOptions/java-impl.jar!/search/java-impl.jar!.searchableOptions.xml
2025-10-24 11:25:13,778 [   6238]   INFO - STDOUT - Output written to /Users/vishnupk/generativepromptpluginsuggestionandroid/build/searchableOptions/javaFX.jar!/search/javaFX.jar!.searchableOptions.xml
2025-10-24 11:25:13,779 [   6239]   INFO - STDOUT - Output written to /Users/vishnupk/generativepromptpluginsuggestionandroid/build/searchableOptions/searchEverywhereMl.jar/search/searchEverywhereMl.jar.searchableOptions.xml
2025-10-24 11:25:13,779 [   6239]   INFO - STDOUT - Output written to /Users/vishnupk/generativepromptpluginsuggestionandroid/build/searchableOptions/idea-junit.jar!/search/idea-junit.jar!.searchableOptions.xml
2025-10-24 11:25:13,780 [   6240]   INFO - STDOUT - Output written to /Users/vishnupk/generativepromptpluginsuggestionandroid/build/searchableOptions/uiDesigner.jar/search/uiDesigner.jar.searchableOptions.xml
2025-10-24 11:25:13,780 [   6240]   INFO - STDOUT - Output written to /Users/vishnupk/generativepromptpluginsuggestionandroid/build/searchableOptions/javaFX.jar/search/javaFX.jar.searchableOptions.xml
2025-10-24 11:25:13,781 [   6241]   INFO - STDOUT - Output written to /Users/vishnupk/generativepromptpluginsuggestionandroid/build/searchableOptions/dev.jar/search/dev.jar.searchableOptions.xml
2025-10-24 11:25:13,781 [   6241]   INFO - STDOUT - Output written to /Users/vishnupk/generativepromptpluginsuggestionandroid/build/searchableOptions/space.jar/search/space.jar.searchableOptions.xml
2025-10-24 11:25:13,781 [   6241]   INFO - STDOUT - Output written to /Users/vishnupk/generativepromptpluginsuggestionandroid/build/searchableOptions/cwm-plugin-terminal.jar/search/cwm-plugin-terminal.jar.searchableOptions.xml
2025-10-24 11:25:13,782 [   6242]   INFO - STDOUT - Output written to /Users/vishnupk/generativepromptpluginsuggestionandroid/build/searchableOptions/vcs-svn.jar/search/vcs-svn.jar.searchableOptions.xml
2025-10-24 11:25:13,783 [   6243]   INFO - STDOUT - Output written to /Users/vishnupk/generativepromptpluginsuggestionandroid/build/searchableOptions/byteCodeViewer.jar/search/byteCodeViewer.jar.searchableOptions.xml
2025-10-24 11:25:13,783 [   6243]   INFO - STDOUT - Output written to /Users/vishnupk/generativepromptpluginsuggestionandroid/build/searchableOptions/testng-plugin.jar!/search/testng-plugin.jar!.searchableOptions.xml
2025-10-24 11:25:13,783 [   6243]   INFO - STDOUT - Output written to /Users/vishnupk/generativepromptpluginsuggestionandroid/build/searchableOptions/marketplace.jar/search/marketplace.jar.searchableOptions.xml
2025-10-24 11:25:13,787 [   6247]   INFO - STDOUT - Output written to /Users/vishnupk/generativepromptpluginsuggestionandroid/build/searchableOptions/maven.jar/search/maven.jar.searchableOptions.xml
2025-10-24 11:25:13,788 [   6248]   INFO - STDOUT - Output written to /Users/vishnupk/generativepromptpluginsuggestionandroid/build/searchableOptions/copyright.jar/search/copyright.jar.searchableOptions.xml
2025-10-24 11:25:13,788 [   6248]   INFO - STDOUT - Output written to /Users/vishnupk/generativepromptpluginsuggestionandroid/build/searchableOptions/maven.jar!/search/maven.jar!.searchableOptions.xml
2025-10-24 11:25:13,790 [   6250]   INFO - STDOUT - Output written to /Users/vishnupk/generativepromptpluginsuggestionandroid/build/searchableOptions/Groovy.jar/search/Groovy.jar.searchableOptions.xml
2025-10-24 11:25:13,790 [   6250]   INFO - STDOUT - Output written to /Users/vishnupk/generativepromptpluginsuggestionandroid/build/searchableOptions/terminal.jar/search/terminal.jar.searchableOptions.xml
2025-10-24 11:25:13,791 [   6251]   INFO - STDOUT - Output written to /Users/vishnupk/generativepromptpluginsuggestionandroid/build/searchableOptions/gradle-java.jar/search/gradle-java.jar.searchableOptions.xml
2025-10-24 11:25:13,791 [   6251]   INFO - STDOUT - Output written to /Users/vishnupk/generativepromptpluginsuggestionandroid/build/searchableOptions/performanceTesting-async.jar/search/performanceTesting-async.jar.searchableOptions.xml
2025-10-24 11:25:13,791 [   6251]   INFO - STDOUT - Output written to /Users/vishnupk/generativepromptpluginsuggestionandroid/build/searchableOptions/properties.jar/search/properties.jar.searchableOptions.xml
2025-10-24 11:25:13,793 [   6253]   INFO - STDOUT - Output written to /Users/vishnupk/generativepromptpluginsuggestionandroid/build/searchableOptions/java-impl.jar/search/java-impl.jar.searchableOptions.xml
2025-10-24 11:25:13,800 [   6260]   INFO - STDOUT - Output written to /Users/vishnupk/generativepromptpluginsuggestionandroid/build/searchableOptions/app-client.jar/search/app-client.jar.searchableOptions.xml
2025-10-24 11:25:13,801 [   6261]   INFO - STDOUT - Output written to /Users/vishnupk/generativepromptpluginsuggestionandroid/build/searchableOptions/html-tools.jar/search/html-tools.jar.searchableOptions.xml
2025-10-24 11:25:13,801 [   6261]   INFO - STDOUT - Output written to /Users/vishnupk/generativepromptpluginsuggestionandroid/build/searchableOptions/vcs-perforce.jar/search/vcs-perforce.jar.searchableOptions.xml
2025-10-24 11:25:13,801 [   6261]   INFO - STDOUT - Output written to /Users/vishnupk/generativepromptpluginsuggestionandroid/build/searchableOptions/java-debugger-streams.jar/search/java-debugger-streams.jar.searchableOptions.xml
2025-10-24 11:25:13,802 [   6262]   INFO - STDOUT - Output written to /Users/vishnupk/generativepromptpluginsuggestionandroid/build/searchableOptions/gradle.jar/search/gradle.jar.searchableOptions.xml
2025-10-24 11:25:13,802 [   6262]   INFO - STDOUT - Output written to /Users/vishnupk/generativepromptpluginsuggestionandroid/build/searchableOptions/testng-plugin.jar/search/testng-plugin.jar.searchableOptions.xml
2025-10-24 11:25:13,802 [   6262]   INFO - STDOUT - Output written to /Users/vishnupk/generativepromptpluginsuggestionandroid/build/searchableOptions/grazie.jar/search/grazie.jar.searchableOptions.xml
2025-10-24 11:25:13,802 [   6262]   INFO - STDOUT - Output written to /Users/vishnupk/generativepromptpluginsuggestionandroid/build/searchableOptions/qodana.jar/search/qodana.jar.searchableOptions.xml
2025-10-24 11:25:13,803 [   6263]   INFO - STDOUT - Output written to /Users/vishnupk/generativepromptpluginsuggestionandroid/build/searchableOptions/app.jar/search/app.jar.searchableOptions.xml
2025-10-24 11:25:13,803 [   6263]   INFO - STDOUT - Output written to /Users/vishnupk/generativepromptpluginsuggestionandroid/build/searchableOptions/instrumented-GenerativePrompts-1.0.0.jar/search/instrumented-GenerativePrompts-1.0.0.jar.searchableOptions.xml
2025-10-24 11:25:13,804 [   6264]   INFO - STDOUT - Output written to /Users/vishnupk/generativepromptpluginsuggestionandroid/build/searchableOptions/completionMlRanking.jar/search/completionMlRanking.jar.searchableOptions.xml
2025-10-24 11:25:13,804 [   6264]   INFO - STDOUT - Output written to /Users/vishnupk/generativepromptpluginsuggestionandroid/build/searchableOptions/java-decompiler.jar/search/java-decompiler.jar.searchableOptions.xml
2025-10-24 11:25:13,804 [   6264]   INFO - STDOUT - Output written to /Users/vishnupk/generativepromptpluginsuggestionandroid/build/searchableOptions/vcs-hg.jar/search/vcs-hg.jar.searchableOptions.xml
2025-10-24 11:25:13,805 [   6265]   INFO - STDOUT - Output written to /Users/vishnupk/generativepromptpluginsuggestionandroid/build/searchableOptions/performanceTesting.jar/search/performanceTesting.jar.searchableOptions.xml
2025-10-24 11:25:13,805 [   6265]   INFO - STDOUT - Output written to /Users/vishnupk/generativepromptpluginsuggestionandroid/build/searchableOptions/vcs-gitlab.jar/search/vcs-gitlab.jar.searchableOptions.xml
2025-10-24 11:25:13,805 [   6265]   INFO - STDOUT - Output written to /Users/vishnupk/generativepromptpluginsuggestionandroid/build/searchableOptions/cwm-common.jar/search/cwm-common.jar.searchableOptions.xml
2025-10-24 11:25:13,805 [   6265]   INFO - STDOUT - Output written to /Users/vishnupk/generativepromptpluginsuggestionandroid/build/searchableOptions/java-i18n.jar/search/java-i18n.jar.searchableOptions.xml
2025-10-24 11:25:13,805 [   6265]   INFO - STDOUT - Output written to /Users/vishnupk/generativepromptpluginsuggestionandroid/build/searchableOptions/Groovy.jar!/search/Groovy.jar!.searchableOptions.xml
2025-10-24 11:25:13,806 [   6266]   INFO - STDOUT - Output written to /Users/vishnupk/generativepromptpluginsuggestionandroid/build/searchableOptions/emojipicker.jar/search/emojipicker.jar.searchableOptions.xml
2025-10-24 11:25:13,806 [   6266]   INFO - STDOUT - Output written to /Users/vishnupk/generativepromptpluginsuggestionandroid/build/searchableOptions/toml.jar/search/toml.jar.searchableOptions.xml
2025-10-24 11:25:13,806 [   6266]   INFO - STDOUT - Output written to /Users/vishnupk/generativepromptpluginsuggestionandroid/build/searchableOptions/platform-ijent-impl.jar/search/platform-ijent-impl.jar.searchableOptions.xml
2025-10-24 11:25:13,806 [   6266]   INFO - STDOUT - Output written to /Users/vishnupk/generativepromptpluginsuggestionandroid/build/searchableOptions/idea-junit.jar/search/idea-junit.jar.searchableOptions.xml
2025-10-24 11:25:13,806 [   6266]   INFO - STDOUT - Output written to /Users/vishnupk/generativepromptpluginsuggestionandroid/build/searchableOptions/yaml.jar/search/yaml.jar.searchableOptions.xml
2025-10-24 11:25:13,807 [   6267]   INFO - STDOUT - Output written to /Users/vishnupk/generativepromptpluginsuggestionandroid/build/searchableOptions/packageChecker.jar/search/packageChecker.jar.searchableOptions.xml
2025-10-24 11:25:13,807 [   6267]   INFO - STDOUT - Output written to /Users/vishnupk/generativepromptpluginsuggestionandroid/build/searchableOptions/platform-tracing-ide.jar/search/platform-tracing-ide.jar.searchableOptions.xml
2025-10-24 11:25:13,807 [   6267]   INFO - STDOUT - Output written to /Users/vishnupk/generativepromptpluginsuggestionandroid/build/searchableOptions/editorconfig.jar/search/editorconfig.jar.searchableOptions.xml
2025-10-24 11:25:13,808 [   6268]   INFO - STDOUT - Output written to /Users/vishnupk/generativepromptpluginsuggestionandroid/build/searchableOptions/vcs-github.jar/search/vcs-github.jar.searchableOptions.xml
2025-10-24 11:25:13,808 [   6268]   INFO - STDOUT - Output written to /Users/vishnupk/generativepromptpluginsuggestionandroid/build/searchableOptions/platform-langInjection.jar/search/platform-langInjection.jar.searchableOptions.xml
2025-10-24 11:25:13,808 [   6268]   INFO - STDOUT - Output written to /Users/vishnupk/generativepromptpluginsuggestionandroid/build/searchableOptions/platform-images.jar/search/platform-images.jar.searchableOptions.xml
2025-10-24 11:25:13,809 [   6269]   INFO - STDOUT - Output written to /Users/vishnupk/generativepromptpluginsuggestionandroid/build/searchableOptions/vcs-git.jar/search/vcs-git.jar.searchableOptions.xml
2025-10-24 11:25:13,810 [   6270]   INFO - STDOUT - Output written to /Users/vishnupk/generativepromptpluginsuggestionandroid/build/searchableOptions/kotlin-plugin.jar/search/kotlin-plugin.jar.searchableOptions.xml
2025-10-24 11:25:13,810 [   6270]   INFO - STDOUT - Output written to /Users/vishnupk/generativepromptpluginsuggestionandroid/build/searchableOptions/modules.jar/search/modules.jar.searchableOptions.xml
2025-10-24 11:25:13,810 [   6270]   INFO - STDOUT - Output written to /Users/vishnupk/generativepromptpluginsuggestionandroid/build/searchableOptions/indexing-shared.jar/search/indexing-shared.jar.searchableOptions.xml
2025-10-24 11:25:13,810 [   6270]   INFO - STDOUT - Output written to /Users/vishnupk/generativepromptpluginsuggestionandroid/build/searchableOptions/featuresTrainer.jar/search/featuresTrainer.jar.searchableOptions.xml
2025-10-24 11:25:13,810 [   6270]   INFO - STDOUT - Output written to /Users/vishnupk/generativepromptpluginsuggestionandroid/build/searchableOptions/kotlin-plugin.jar!/search/kotlin-plugin.jar!.searchableOptions.xml
2025-10-24 11:25:13,811 [   6271]   INFO - STDOUT - Output written to /Users/vishnupk/generativepromptpluginsuggestionandroid/build/searchableOptions/cwm-host.jar/search/cwm-host.jar.searchableOptions.xml
2025-10-24 11:25:13,811 [   6271]   INFO - STDOUT - Output written to /Users/vishnupk/generativepromptpluginsuggestionandroid/build/searchableOptions/gradle-java-maven.jar/search/gradle-java-maven.jar.searchableOptions.xml
2025-10-24 11:25:13,811 [   6271]   INFO - STDOUT - Output written to /Users/vishnupk/generativepromptpluginsuggestionandroid/build/searchableOptions/settingsSync.jar/search/settingsSync.jar.searchableOptions.xml
2025-10-24 11:25:13,811 [   6271]   INFO - STDOUT - Searchable options index builder completed
2025-10-24 11:25:13,811 [   6271]   INFO - #c.i.u.i.FileBasedIndexImpl - Index dispose started
2025-10-24 11:25:13,827 [   6287]   INFO - #c.i.p.s.StubIndexImpl - StubIndexExtension-s were unloaded
2025-10-24 11:25:13,827 [   6287]   INFO - #c.i.p.s.SerializationManagerImpl - Start shutting down /Users/vishnupk/generativepromptpluginsuggestionandroid/build/idea-sandbox/system/index/rep.names
2025-10-24 11:25:13,827 [   6287]   INFO - #c.i.p.s.SerializationManagerImpl - Finished shutting down /Users/vishnupk/generativepromptpluginsuggestionandroid/build/idea-sandbox/system/index/rep.names
2025-10-24 11:25:13,828 [   6288]   INFO - #c.i.u.i.FileBasedIndexImpl - Index dispose completed in 17ms.
2025-10-24 11:25:13,830 [   6290]   INFO - #c.i.o.v.n.p.PersistentFSImpl - VFS dispose started
2025-10-24 11:25:13,834 [   6294]   INFO - #c.i.o.v.n.p.PersistentFSImpl - VFS dispose completed in 4ms.
2025-10-24 11:25:13,842 [   6302]   INFO - #c.i.p.i.b.AppStarter - ------------------------------------------------------ IDE SHUTDOWN ------------------------------------------------------
2025-10-24 11:27:30,874 [     25]   INFO - #c.i.p.i.b.AppStarter - ------------------------------------------------------ IDE STARTED ------------------------------------------------------
2025-10-24 11:27:30,881 [     32]   INFO - #c.i.u.EnvironmentUtil - loading shell env is skipped: IDE has been launched from a terminal (SHLVL=1)
2025-10-24 11:27:30,890 [     41]   INFO - #c.i.i.p.PluginManager - Plugin PluginDescriptor(name=Groovy, id=org.intellij.groovy, descriptorPath=plugin.xml, path=~/.gradle/caches/modules-2/files-2.1/com.jetbrains.intellij.idea/ideaIC/2023.3.1/592822ae84dd5e9f1290f1c10132742718a183a5/ideaIC-2023.3.1/plugins/Groovy, version=233.11799.300, package=org.jetbrains.plugins.groovy, isBundled=true) misses optional descriptor duplicates-groovy.xml
2025-10-24 11:27:30,890 [     41]   INFO - #c.i.i.p.PluginManager - Plugin PluginDescriptor(name=Groovy, id=org.intellij.groovy, descriptorPath=plugin.xml, path=~/.gradle/caches/modules-2/files-2.1/com.jetbrains.intellij.idea/ideaIC/2023.3.1/592822ae84dd5e9f1290f1c10132742718a183a5/ideaIC-2023.3.1/plugins/Groovy, version=233.11799.300, package=org.jetbrains.plugins.groovy, isBundled=true) misses optional descriptor duplicates-detection-groovy.xml
2025-10-24 11:27:30,892 [     43]   INFO - #c.i.p.i.b.AppStarter - JNA library (64-bit) loaded in 12 ms
2025-10-24 11:27:30,893 [     44]   INFO - #c.i.u.i.PageCacheUtils - File page caching params:
2025-10-24 11:27:30,893 [     44]   INFO - #c.i.u.i.PageCacheUtils - 	DEFAULT_PAGE_SIZE: 10485760
2025-10-24 11:27:30,894 [     45]   INFO - #c.i.u.i.PageCacheUtils - 	Direct memory to use, max: 2126512128
2025-10-24 11:27:30,894 [     45]   INFO - #c.i.p.i.b.AppStarter - IDE: IntelliJ IDEA (build #IC-233.11799.300, Tue, 12 Dec 2023 05:06:00 GMT)
2025-10-24 11:27:30,894 [     45]   INFO - #c.i.u.i.PageCacheUtils - 	FilePageCache: regular + lock-free (LOCK_FREE_PAGE_CACHE_ENABLED:true)
2025-10-24 11:27:30,894 [     45]   INFO - #c.i.p.i.b.AppStarter - OS: Mac OS X (14.5)
2025-10-24 11:27:30,895 [     46]   INFO - #c.i.p.i.b.AppStarter - JRE: 17.0.9+7-b1087.7, aarch64 (JetBrains s.r.o.)
2025-10-24 11:27:30,896 [     47]   INFO - #c.i.p.i.b.AppStarter - JVM: 17.0.9+7-b1087.7 (OpenJDK 64-Bit Server VM)
2025-10-24 11:27:30,895 [     46]   INFO - #c.i.i.p.PluginManager - Using broken plugins file from IDE distribution
2025-10-24 11:27:30,895 [     46]   INFO - #c.i.u.i.PageCacheUtils - 	NEW_PAGE_CACHE_MEMORY_FRACTION: 0.20000000298023224
2025-10-24 11:27:30,896 [     47]   INFO - #c.i.u.i.PageCacheUtils - 	Regular FilePageCache: 503316478 bytes
2025-10-24 11:27:30,897 [     48]   INFO - #c.i.u.i.PageCacheUtils - 	New     FilePageCache: 125829122 bytes (+ up to 10.0% overflow)
2025-10-24 11:27:30,897 [     48]   INFO - #c.i.u.i.PageCacheUtils - 	DirectByteBuffers pool: 104857600 bytes
2025-10-24 11:27:30,899 [     50]   INFO - #c.i.p.i.b.AppStarter - PID: 68547
2025-10-24 11:27:30,900 [     51]   INFO - #c.i.p.i.b.AppStarter - JVM options: [-Daether.connector.resumeDownloads=false, -Dapple.awt.application.appearance=system, -Dapple.awt.fileDialogForDirectories=true, -Dapple.laf.useScreenMenuBar=true, -Didea.auto.reload.plugins=true, -Didea.classpath.index.enabled=false, -Didea.config.path=/Users/vishnupk/generativepromptpluginsuggestionandroid/build/idea-sandbox/config, -Didea.is.internal=true, -Didea.log.path=/Users/vishnupk/generativepromptpluginsuggestionandroid/build/idea-sandbox/system/log, -Didea.paths.selector=IdeaIC2023.3, -Didea.platform.prefix=Idea, -Didea.plugin.in.sandbox.mode=true, -Didea.plugins.path=/Users/vishnupk/generativepromptpluginsuggestionandroid/build/idea-sandbox/plugins, -Didea.required.plugins.id=com.vishnuu.gpsplugin, -Didea.smooth.progress=false, -Didea.system.path=/Users/vishnupk/generativepromptpluginsuggestionandroid/build/idea-sandbox/system, -Didea.vendor.name=JetBrains, -Dintellij.platform.runtime.repository.path=/Users/vishnupk/.gradle/caches/modules-2/files-2.1/com.jetbrains.intellij.idea/ideaIC/2023.3.1/592822ae84dd5e9f1290f1c10132742718a183a5/ideaIC-2023.3.1/modules/module-descriptors.jar, -Djava.system.class.loader=com.intellij.util.lang.PathClassLoader, -Djbr.catch.SIGABRT=true, -Djdk.attach.allowAttachSelf=true, -Djdk.http.auth.tunneling.disabledSchemes="", -Djdk.module.illegalAccess.silent=true, -Djna.boot.library.path=/Users/vishnupk/.gradle/caches/modules-2/files-2.1/com.jetbrains.intellij.idea/ideaIC/2023.3.1/592822ae84dd5e9f1290f1c10132742718a183a5/ideaIC-2023.3.1/lib/jna/aarch64, -Djna.noclasspath=true, -Djna.nosys=true, -Dpty4j.preferred.native.folder=/Users/vishnupk/.gradle/caches/modules-2/files-2.1/com.jetbrains.intellij.idea/ideaIC/2023.3.1/592822ae84dd5e9f1290f1c10132742718a183a5/ideaIC-2023.3.1/lib/pty4j, -Dsplash=true, -Dsun.io.useCanonCaches=false, -Dsun.java2d.metal=true, -XX:ReservedCodeCacheSize=512m, -XX:+UseG1GC, -XX:SoftRefLRUPolicyMSPerMB=50, -XX:CICompilerCount=2, -XX:+HeapDumpOnOutOfMemoryError, -XX:-OmitStackTraceInFastThrow, -XX:+IgnoreUnrecognizedVMOptions, -XX:CompileCommand=exclude,com/intellij/openapi/vfs/impl/FilePartNodeRoot,trieDescend, -javaagent:/Users/vishnupk/generativepromptpluginsuggestionandroid/build/tmp/initializeIntelliJPlugin/coroutines-javaagent.jar, --add-opens=java.base/java.io=ALL-UNNAMED, --add-opens=java.base/java.lang=ALL-UNNAMED, --add-opens=java.base/java.lang.ref=ALL-UNNAMED, --add-opens=java.base/java.lang.reflect=ALL-UNNAMED, --add-opens=java.base/java.net=ALL-UNNAMED, --add-opens=java.base/java.nio=ALL-UNNAMED, --add-opens=java.base/java.nio.charset=ALL-UNNAMED, --add-opens=java.base/java.text=ALL-UNNAMED, --add-opens=java.base/java.time=ALL-UNNAMED, --add-opens=java.base/java.util=ALL-UNNAMED, --add-opens=java.base/java.util.concurrent=ALL-UNNAMED, --add-opens=java.base/java.util.concurrent.atomic=ALL-UNNAMED, --add-opens=java.base/java.util.concurrent.locks=ALL-UNNAMED, --add-opens=java.base/jdk.internal.vm=ALL-UNNAMED, --add-opens=java.base/sun.nio.ch=ALL-UNNAMED, --add-opens=java.base/sun.nio.fs=ALL-UNNAMED, --add-opens=java.base/sun.security.ssl=ALL-UNNAMED, --add-opens=java.base/sun.security.util=ALL-UNNAMED, --add-opens=java.base/sun.net.dns=ALL-UNNAMED, --add-opens=java.desktop/com.apple.eawt=ALL-UNNAMED, --add-opens=java.desktop/com.apple.eawt.event=ALL-UNNAMED, --add-opens=java.desktop/com.apple.laf=ALL-UNNAMED, --add-opens=java.desktop/java.awt=ALL-UNNAMED, --add-opens=java.desktop/java.awt.dnd.peer=ALL-UNNAMED, --add-opens=java.desktop/java.awt.event=ALL-UNNAMED, --add-opens=java.desktop/java.awt.image=ALL-UNNAMED, --add-opens=java.desktop/java.awt.peer=ALL-UNNAMED, --add-opens=java.desktop/java.awt.font=ALL-UNNAMED, --add-opens=java.desktop/javax.swing=ALL-UNNAMED, --add-opens=java.desktop/javax.swing.plaf.basic=ALL-UNNAMED, --add-opens=java.desktop/javax.swing.text.html=ALL-UNNAMED, --add-opens=java.desktop/sun.awt.datatransfer=ALL-UNNAMED, --add-opens=java.desktop/sun.awt.image=ALL-UNNAMED, --add-opens=java.desktop/sun.awt=ALL-UNNAMED, --add-opens=java.desktop/sun.font=ALL-UNNAMED, --add-opens=java.desktop/sun.java2d=ALL-UNNAMED, --add-opens=java.desktop/sun.lwawt=ALL-UNNAMED, --add-opens=java.desktop/sun.lwawt.macosx=ALL-UNNAMED, --add-opens=java.desktop/sun.swing=ALL-UNNAMED, --add-opens=java.desktop/com.sun.java.swing=ALL-UNNAMED, --add-opens=jdk.attach/sun.tools.attach=ALL-UNNAMED, --add-opens=jdk.compiler/com.sun.tools.javac.api=ALL-UNNAMED, --add-opens=jdk.internal.jvmstat/sun.jvmstat.monitor=ALL-UNNAMED, --add-opens=jdk.jdi/com.sun.tools.jdi=ALL-UNNAMED, -Xms128m, -Xmx2048m, -Dfile.encoding=UTF-8, -Duser.country=IN, -Duser.language=en, -Duser.variant, -ea]
2025-10-24 11:27:30,901 [     52]   INFO - #c.i.p.i.b.AppStarter - args: traverseUI /Users/vishnupk/generativepromptpluginsuggestionandroid/build/searchableOptions true
2025-10-24 11:27:30,901 [     52]   INFO - #c.i.p.i.b.AppStarter - library path: /Users/vishnupk/Library/Java/Extensions:/Library/Java/Extensions:/Network/Library/Java/Extensions:/System/Library/Java/Extensions:/usr/lib/java:.
2025-10-24 11:27:30,901 [     52]   INFO - #c.i.p.i.b.AppStarter - boot library path: /Users/vishnupk/.gradle/caches/modules-2/files-2.1/com.jetbrains/jbre/jbr_jcef-17.0.9-osx-aarch64-b1087.7/extracted/jbr_jcef-17.0.9-osx-aarch64-b1087.7/Contents/Home/lib
2025-10-24 11:27:30,912 [     63]   INFO - #c.i.p.i.b.AppStarter - locale=en_IN JNU=UTF-8 file.encoding=UTF-8
    idea.config.path=/Users/vishnupk/generativepromptpluginsuggestionandroid/build/idea-sandbox/config
    idea.system.path=/Users/vishnupk/generativepromptpluginsuggestionandroid/build/idea-sandbox/system
    idea.plugins.path=/Users/vishnupk/generativepromptpluginsuggestionandroid/build/idea-sandbox/plugins
    idea.log.path=/Users/vishnupk/generativepromptpluginsuggestionandroid/build/idea-sandbox/system/log
2025-10-24 11:27:30,915 [     66]   INFO - #c.i.p.i.b.AppStarter - CPU cores: 8; ForkJoinPool.commonPool: java.util.concurrent.ForkJoinPool@4db5f079[Running, parallelism = 8, size = 0, active = 0, running = 0, steals = 0, tasks = 0, submissions = 0]; factory: com.intellij.concurrency.IdeaForkJoinWorkerThreadFactory@28054e42
2025-10-24 11:27:30,933 [     84]   INFO - #c.i.i.p.PluginManager - Module intellij.sh.python is not enabled because dependency com.intellij.modules.python is not available
Module intellij.space.gateway is not enabled because dependency com.jetbrains.gateway is not available
Module intellij.space.php is not enabled because dependency com.jetbrains.php is not available
Module intellij.groovy/ant is not enabled because dependency AntSupport is not available
Module intellij.space.index is not enabled because dependency intellij.indexing.shared is not available
Module intellij.qodana.jvm.swagger is not enabled because dependency com.intellij.swagger is not available
Module intellij.qodana.python is not enabled because dependency Pythonid is not available
Module intellij.qodana.php is not enabled because dependency com.jetbrains.php is not available
Module intellij.qodana.js is not enabled because dependency JavaScript is not available
Module intellij.packageChecker.python is not enabled because dependency com.intellij.modules.python is not available
Module intellij.packageChecker.javascript is not enabled because dependency JavaScript is not available
Module intellij.packageChecker.go is not enabled because dependency org.jetbrains.plugins.go is not available
2025-10-24 11:27:30,940 [     91]   INFO - #c.i.i.p.PluginManager - Loaded bundled plugins: Gradle DSL API (233.11799.300), Package Checker (233.11799.300), Gradle (233.11799.300), Gradle-Java (233.11799.300), Copyright (233.11799.300), Async Profiler for IDE Performance Testing (233.11799.300), JavaFX (233.11799.300), Markdown (233.11799.300), Code Coverage for Java (233.11799.300), YAML (233.11799.300), Code With Me (233.11799.300), Toml (233.11799.300), IntelliLang (233.11799.300), Visual Studio Keymap (233.11799.300), GitLab (233.11799.300), Gradle-Maven (233.11799.300), TestNG (233.11799.300), Java (233.11799.300), Git (233.11799.300), Subversion (233.11799.300), Properties (233.11799.300), Shared Indexes (233.11799.300), IDE Features Trainer (233.11799.300), UI Designer (233.11799.300), JUnit (233.11799.300), GitHub (233.11799.300), Space (233.11799.300), Configuration Script (233.11799.300), Eclipse Keymap (233.11799.300), Maven (233.11799.300), Mercurial (233.11799.300), Images (233.11799.300), Machine Learning in Search Everywhere (233.11799.300), Bytecode Viewer (233.11799.300), Gradle Dependency Updater Implementation (233.11799.300), Kotlin (233.11799.300-IJ), JetBrains maven model api classes (233.11799.300), Java IDE Customization (233.11799.300), Maven server api classes (233.11799.300), NetBeans Keymap (233.11799.300), Eclipse Interoperability (233.11799.300), EditorConfig (233.11799.300), intellij.platform.ijent.impl (233.11799.300), Performance Testing (233.11799.300), Groovy (233.11799.300), Java Bytecode Decompiler (233.11799.300), Turbo Complete (233.11799.300), Task Management (233.11799.300), com.intellij.dev (233.11799.300), WebP Support (233.11799.300), IDEA CORE (233.11799.300), Gradle-Java-Analysis (233.11799.300), Settings Sync (233.11799.300), JetBrains Repository Search (233.11799.300), Grazie Lite (233.11799.300), Terminal (233.11799.300), Qodana (233.11799.300), TextMate Bundles (233.11799.300), Emoji Picker (233.11799.300), Java Stream Debugger (233.11799.300), HTML Tools (233.11799.300), Shell Script (233.11799.300), Java Internationalization (233.11799.300), com.intellij.tracing.ide (233.11799.300), Perforce Helix Core (233.11799.300), JetBrains Marketplace Licensing (233.11799.300), Machine Learning Code Completion (233.11799.300)
2025-10-24 11:27:30,940 [     91]   INFO - #c.i.i.p.PluginManager - Loaded custom plugins: Generative Prompts (1.0.0)
2025-10-24 11:27:31,008 [    159]   INFO - #c.i.o.v.n.p.FSRecords - VFS health-check enabled: first after 600000 ms, and each following 43200000 ms
2025-10-24 11:27:31,036 [    187]   INFO - #c.i.a.o.PathMacrosImpl - Loaded path macros: {MAVEN_REPOSITORY=/Users/vishnupk/.m2/repository}
2025-10-24 11:27:31,044 [    195]   WARN - #c.i.s.ComponentManagerImpl - `preload=true` must be used only for core services (service=com.jetbrains.rdserver.statistics.BackendStatisticsManager, plugin=com.jetbrains.codeWithMe)
2025-10-24 11:27:31,082 [    233]   INFO - #c.i.i.p.ExpiredPluginsState - Plugins to skip: []
2025-10-24 11:27:31,089 [    240] SEVERE - #c.i.o.u.r.RegistryValue - Attempt to load key 'rdct.connection.rd.reconnection.timeout.seconds' for not yet loaded registry. Use system properties instead of registry values to configure behaviour at early startup stages.
java.lang.Throwable: Attempt to load key 'rdct.connection.rd.reconnection.timeout.seconds' for not yet loaded registry. Use system properties instead of registry values to configure behaviour at early startup stages.
	at com.intellij.openapi.diagnostic.Logger.error(Logger.java:376)
	at com.intellij.openapi.util.registry.RegistryValue._get(RegistryValue.java:224)
	at com.intellij.openapi.util.registry.RegistryValue.get(RegistryValue.java:202)
	at com.intellij.openapi.util.registry.RegistryValue.calcInt(RegistryValue.java:80)
	at com.intellij.openapi.util.registry.RegistryValue.asInteger(RegistryValue.java:72)
	at com.intellij.openapi.util.registry.Registry.intValue(Registry.java:85)
	at com.jetbrains.rd.platform.codeWithMe.F.F.T.F(T.java:27)
	at com.jetbrains.rd.platform.codeWithMe.F.F.T.j(T.java:13)
	at com.jetbrains.rd.platform.codeWithMe.F.F.j.u(j.java:13)
	at com.jetbrains.rd.platform.codeWithMe.F.F.u.F(u.java:24)
	at com.jetbrains.rdserver.unattendedHost.UnattendedHostConnectionManagerImpl.<init>(UnattendedHostConnectionManagerImpl.kt:36)
	at com.jetbrains.rdserver.unattendedHost.UnattendedHostManager.<init>(UnattendedHostManager.kt:102)
	at java.base/java.lang.invoke.MethodHandle.invokeWithArguments(MethodHandle.java:732)
	at com.intellij.platform.instanceContainer.instantiation.InstantiateKt$instantiate$2.invoke(instantiate.kt:41)
	at com.intellij.platform.instanceContainer.instantiation.InstantiateKt$instantiate$2.invoke(instantiate.kt:39)
	at com.intellij.platform.instanceContainer.instantiation.InstantiateKt.instantiate(instantiate.kt:278)
	at com.intellij.platform.instanceContainer.instantiation.InstantiateKt.instantiate(instantiate.kt:39)
	at com.intellij.serviceContainer.LightServiceInstanceSupport$LightServiceInstanceInitializer.createInstance(LightServiceInstanceSupport.kt:47)
	at com.intellij.platform.instanceContainer.internal.LazyInstanceHolder$initialize$1$1.invokeSuspend(LazyInstanceHolder.kt:162)
	at com.intellij.platform.instanceContainer.internal.LazyInstanceHolder$initialize$1$1.invoke(LazyInstanceHolder.kt)
	at com.intellij.platform.instanceContainer.internal.LazyInstanceHolder$initialize$1$1.invoke(LazyInstanceHolder.kt)
	at kotlinx.coroutines.intrinsics.UndispatchedKt.startUndispatchedOrReturn(Undispatched.kt:78)
	at kotlinx.coroutines.BuildersKt__Builders_commonKt.withContext(Builders.common.kt:167)
	at kotlinx.coroutines.BuildersKt.withContext(Unknown Source)
	at com.intellij.platform.instanceContainer.internal.LazyInstanceHolder$initialize$1.invokeSuspend(LazyInstanceHolder.kt:160)
	at com.intellij.platform.instanceContainer.internal.LazyInstanceHolder$initialize$1.invoke(LazyInstanceHolder.kt)
	at com.intellij.platform.instanceContainer.internal.LazyInstanceHolder$initialize$1.invoke(LazyInstanceHolder.kt)
	at kotlinx.coroutines.intrinsics.UndispatchedKt.startCoroutineUndispatched(Undispatched.kt:44)
	at kotlinx.coroutines.CoroutineStart.invoke(CoroutineStart.kt:112)
	at kotlinx.coroutines.AbstractCoroutine.start(AbstractCoroutine.kt:126)
	at kotlinx.coroutines.BuildersKt__Builders_commonKt.launch(Builders.common.kt:56)
	at kotlinx.coroutines.BuildersKt.launch(Unknown Source)
	at com.intellij.platform.instanceContainer.internal.LazyInstanceHolder.initialize(LazyInstanceHolder.kt:145)
	at com.intellij.platform.instanceContainer.internal.LazyInstanceHolder.access$initialize(LazyInstanceHolder.kt:13)
	at com.intellij.platform.instanceContainer.internal.LazyInstanceHolder.tryInitialize(LazyInstanceHolder.kt:135)
	at com.intellij.platform.instanceContainer.internal.LazyInstanceHolder.getInstance(LazyInstanceHolder.kt:95)
	at com.intellij.platform.instanceContainer.internal.LazyInstanceHolder.getInstanceInCallerContext$suspendImpl(LazyInstanceHolder.kt:87)
	at com.intellij.platform.instanceContainer.internal.LazyInstanceHolder.getInstanceInCallerContext(LazyInstanceHolder.kt)
	at com.intellij.serviceContainer.ComponentManagerImplKt$getOrCreateInstanceBlocking$3.invokeSuspend(ComponentManagerImpl.kt:2337)
	at kotlin.coroutines.jvm.internal.BaseContinuationImpl.resumeWith(ContinuationImpl.kt:33)
	at kotlinx.coroutines.DispatchedTask.run(DispatchedTask.kt:108)
	at kotlinx.coroutines.EventLoopImplBase.processNextEvent(EventLoop.common.kt:280)
	at kotlinx.coroutines.BlockingCoroutine.joinBlocking(Builders.kt:85)
	at kotlinx.coroutines.BuildersKt__BuildersKt.runBlocking(Builders.kt:59)
	at kotlinx.coroutines.BuildersKt.runBlocking(Unknown Source)
	at com.intellij.serviceContainer.ComponentManagerImplKt$runBlockingInitialization$1.invoke(ComponentManagerImpl.kt:2406)
	at com.intellij.serviceContainer.ComponentManagerImplKt$runBlockingInitialization$1.invoke(ComponentManagerImpl.kt:2397)
	at com.intellij.openapi.progress.ContextKt.prepareThreadContext(context.kt:86)
	at com.intellij.serviceContainer.ComponentManagerImplKt.runBlockingInitialization(ComponentManagerImpl.kt:2397)
	at com.intellij.serviceContainer.ComponentManagerImplKt.getOrCreateInstanceBlocking(ComponentManagerImpl.kt:2336)
	at com.intellij.serviceContainer.ComponentManagerImpl.doGetService(ComponentManagerImpl.kt:1057)
	at com.intellij.serviceContainer.ComponentManagerImpl.getService(ComponentManagerImpl.kt:988)
	at com.jetbrains.rdserver.unattendedHost.UnattendedHostManager$Companion.getInstance(UnattendedHostManager.kt:316)
	at com.jetbrains.rdserver.logs.BackendMessagePoolExporter$MyAppListener$execute$2.invokeSuspend(BackendMessagePoolExporter.kt:50)
	at kotlin.coroutines.jvm.internal.BaseContinuationImpl.resumeWith(ContinuationImpl.kt:33)
	at kotlinx.coroutines.DispatchedTask.run(DispatchedTask.kt:108)
	at kotlinx.coroutines.scheduling.CoroutineScheduler.runSafely(CoroutineScheduler.kt:584)
	at kotlinx.coroutines.scheduling.CoroutineScheduler$Worker.executeTask(CoroutineScheduler.kt:793)
	at kotlinx.coroutines.scheduling.CoroutineScheduler$Worker.runWorker(CoroutineScheduler.kt:697)
	at kotlinx.coroutines.scheduling.CoroutineScheduler$Worker.run(CoroutineScheduler.kt:684)
2025-10-24 11:27:31,093 [    244]   INFO - #c.i.o.v.n.p.PersistentFSLoader - VFS uses streamlined attributes storage (over mmapped file)
2025-10-24 11:27:31,092 [    243]   INFO - #c.i.o.v.n.p.PersistentFSLoader - VFS uses content storage over new FilePageCache
2025-10-24 11:27:31,091 [    242]   INFO - #c.i.o.v.n.p.PersistentFSLoader - VFS uses 'fast' names enumerator (over mmapped file)
2025-10-24 11:27:31,094 [    245] SEVERE - #c.i.o.u.r.RegistryValue - IntelliJ IDEA 2023.3.1  Build #IC-233.11799.300
2025-10-24 11:27:31,096 [    247] SEVERE - #c.i.o.u.r.RegistryValue - JDK: 17.0.9; VM: OpenJDK 64-Bit Server VM; Vendor: JetBrains s.r.o.
2025-10-24 11:27:31,096 [    247] SEVERE - #c.i.o.u.r.RegistryValue - OS: Mac OS X
2025-10-24 11:27:31,100 [    251]   INFO - #c.i.o.v.n.p.PersistentFSLoader - VFS uses content hash storage over mmapped file
2025-10-24 11:27:31,103 [    254] SEVERE - #c.i.o.u.r.RegistryValue - Last Action: 
2025-10-24 11:27:31,123 [    274]   INFO - #c.i.o.v.n.p.PersistentFSLoader - VFS: impl (expected) version=846656, 14 file records, 0 content blobs
2025-10-24 11:27:31,136 [    287]   INFO - #c.i.o.v.n.p.FSRecordsImpl - VFS scanned: file-by-name index was populated
2025-10-24 11:27:31,137 [    288]   INFO - #c.i.o.v.n.p.FSRecordsImpl - VFS initialized: 58 ms, 0 failed attempts, 0 error(s) were recovered
2025-10-24 11:27:31,145 [    296]   WARN - #c.i.u.n.s.ConfirmingTrustManager - Received an empty list of custom trusted root certificates from the system. Check log above for possible errors, enable debug logging in category 'org.jetbrains.nativecerts' for more information
2025-10-24 11:27:31,147 [    298]   INFO - #c.i.u.n.s.CertificateManager - Default SSL context initialized
2025-10-24 11:27:31,163 [    314]   INFO - #c.j.r.p.c.a.u.F.L - Start Wire Storage check: Check Wire Buffer Size
2025-10-24 11:27:31,178 [    329]   INFO - #o.j.i.BuiltInServerManager - built-in server started, port 63343
2025-10-24 11:27:31,212 [    363]   INFO - #c.i.o.v.i.l.NativeFileWatcherImpl - Native file watcher is disabled
2025-10-24 11:27:31,246 [    397]   INFO - #c.i.i.s.p.i.SharedIndexMainZipStorage - Shared Indexes Storage is opened and empty
2025-10-24 11:27:31,373 [    524]   INFO - #c.i.u.i.FileBasedIndexImpl - Indices to be built:FilenameIndex(v = 258)
2025-10-24 11:27:31,377 [    528]   INFO - #c.i.u.i.FileBasedIndexImpl - Using nice flusher for indexes
2025-10-24 11:27:31,381 [    532]   INFO - #c.i.u.i.IndexDataInitializer - Index data initialization done: 173 ms. Initialized indexes: [filetypes, FilenameIndex, IdIndex, Trigram.Index, DomFileIndex, fileIncludes, TodoIndex, FrameworkDetectionIndex, XmlTagNames, html5.custom.attributes.index, RelaxSymbolIndex, SchemaTypeInheritance, XmlNamespaces, json.file.root.values, HtmlTagIdIndex, java.auto.module.name, xmlProperties, editorconfig.index.name, java.source.module.name, yaml.keys.name, java.null.method.argument, java.fun.expression, java.binary.plus.expression, bytecodeAnalysis, javafx.id.name, javafx.custom.component, org.jetbrains.kotlin.idea.versions.KotlinJsMetadataVersionIndex, Stubs, org.jetbrains.kotlin.idea.vfilefinder.KotlinPartialPackageNamesIndex, JavaFxControllerClassIndex, org.jetbrains.kotlin.idea.vfilefinder.KotlinJavaScriptMetaFileIndex, org.jetbrains.kotlin.idea.versions.KotlinJvmMetadataVersionIndex, org.jetbrains.kotlin.idea.vfilefinder.KotlinMetadataFileIndex, org.jetbrains.kotlin.idea.vfilefinder.KotlinClassFileIndex, org.jetbrains.kotlin.idea.vfilefinder.KotlinMetadataFilePackageIndex, org.jetbrains.kotlin.idea.vfilefinder.KotlinShortClassNameFileIndex, org.jetbrains.kotlin.idea.vfilefinder.KotlinModuleMappingIndex, org.jetbrains.kotlin.idea.vfilefinder.KotlinStdlibIndex, org.jetbrains.kotlin.idea.vfilefinder.KotlinPackageSourcesMemberNamesIndex, org.jetbrains.kotlin.idea.base.indices.names.KotlinTopLevelCallableByPackageShortNameIndex, org.jetbrains.kotlin.idea.vfilefinder.KotlinJvmModuleAnnotationsIndex, org.jetbrains.kotlin.idea.vfilefinder.KotlinBuiltInsMetadataIndex, org.jetbrains.kotlin.idea.base.indices.names.KotlinTopLevelClassLikeDeclarationByPackageShortNameIndex, org.jetbrains.kotlin.idea.vfilefinder.KlibMetaFileIndex, com.intellij.uiDesigner.FormClassIndex].
2025-10-24 11:27:31,437 [    588]   INFO - #c.i.u.i.IndexDataInitializer - Index data initialization done: 56 ms. Initialized stub indexes: {org.jetbrains.kotlin.idea.stubindex.KotlinFileFacadeFqNameIndex, org.jetbrains.kotlin.idea.stubindex.KotlinExtensionsInObjectsByReceiverTypeIndex, gr.method.name, gr.anonymous.class, markdown.header.anchor, gr.class.fqn.s, markdown.header, org.jetbrains.kotlin.idea.stubindex.KotlinTopLevelTypeAliasFqNameIndex, dom.namespaceKey, org.jetbrains.kotlin.idea.stubindex.KotlinAnnotationsIndex, gr.annot.method.name, java.method.parameter.types, org.jetbrains.kotlin.idea.stubindex.KotlinTopLevelFunctionFqnNameIndex, org.jetbrains.kotlin.idea.stubindex.KotlinTypeAliasShortNameIndex, java.module.name, properties.index, jvm.static.member.type, java.class.extlist, org.jetbrains.kotlin.idea.stubindex.KotlinClassShortNameIndex, org.jetbrains.kotlin.idea.stubindex.KotlinTopLevelFunctionByPackageIndex, org.jetbrains.kotlin.idea.stubindex.KotlinFilePartClassIndex, dom.elementClass, kotlin.primeIndexKey, java.annotations, java.class.fqn, org.jetbrains.kotlin.idea.stubindex.KotlinProbablyContractedFunctionShortNameIndex, gr.script.class, java.anonymous.baseref, java.unnamed.class, gr.annot.members, java.class.shortname, org.jetbrains.kotlin.idea.stubindex.KotlinFunctionShortNameIndex, gr.script.fqn.s, org.jetbrains.kotlin.idea.stubindex.KotlinOverridableInternalMembersShortNameIndex, org.jetbrains.kotlin.idea.stubindex.KotlinTopLevelClassByPackageIndex, org.jetbrains.kotlin.idea.stubindex.KotlinSuperClassIndex, org.jetbrains.kotlin.idea.stubindex.KotlinTopLevelExtensionsByReceiverTypeIndex, org.jetbrains.kotlin.idea.stubindex.KotlinProbablyNothingFunctionShortNameIndex, org.jetbrains.kotlin.idea.stubindex.KotlinMultifileClassPartIndex, org.jetbrains.kotlin.idea.stubindex.KotlinExactPackagesIndex, org.jetbrains.kotlin.idea.stubindex.KotlinFileFacadeShortNameIndex, org.jetbrains.kotlin.idea.stubindex.KotlinJvmNameAnnotationIndex, gr.class.super, org.jetbrains.kotlin.idea.stubindex.KotlinFullClassNameIndex, org.jetbrains.kotlin.idea.stubindex.KotlinFileFacadeClassByPackageIndex, org.jetbrains.kotlin.idea.stubindex.KotlinTopLevelPropertyByPackageIndex, org.jetbrains.kotlin.idea.stubindex.KotlinProbablyNothingPropertyShortNameIndex, java.field.name, org.jetbrains.kotlin.idea.stubindex.KotlinTopLevelTypeAliasByPackageIndex, gr.field.name, jvm.static.member.name, java.method.name, org.jetbrains.kotlin.idea.stubindex.KotlinTypeAliasByExpansionShortNameIndex, org.jetbrains.kotlin.idea.stubindex.KotlinScriptFqnIndex, org.jetbrains.kotlin.idea.stubindex.KotlinInnerTypeAliasClassIdIndex, org.jetbrains.kotlin.idea.stubindex.KotlinSubclassObjectNameIndex, org.jetbrains.kotlin.idea.stubindex.KotlinPropertyShortNameIndex, org.jetbrains.kotlin.idea.stubindex.KotlinTopLevelPropertyFqnNameIndex}.
2025-10-24 11:27:31,798 [    949]   WARN - #c.i.s.ComponentManagerImpl - org.zmlx.hg4idea.provider.HgChangeProvider initializer requests com.intellij.openapi.vcs.FileStatusFactory instance
2025-10-24 11:27:32,432 [   1583]   INFO - #c.i.i.p.n.PluginsGroupComponentWithProgress - Marketplace tab: loading stopped
2025-10-24 11:27:32,442 [   1593]   INFO - #c.i.i.p.PluginManagerConfigurable - Marketplace tab: 'Staff Picks' group load started
2025-10-24 11:27:32,739 [   1890]   INFO - #c.i.i.p.PluginManagerConfigurable - Marketplace tab: 'Staff Picks' group load finished
2025-10-24 11:27:32,739 [   1890]   INFO - #c.i.i.p.PluginManagerConfigurable - Marketplace tab: 'New and Updated' group load started
2025-10-24 11:27:33,011 [   2162]   WARN - #c.i.s.ComponentManagerImpl - com.intellij.codeInsight.daemon.LineMarkerProviders initializer requests com.intellij.codeInsight.daemon.LineMarkerProviders instance
2025-10-24 11:27:33,217 [   2368]   INFO - #c.i.i.p.PluginManagerConfigurable - Marketplace tab: 'New and Updated' group load finished
2025-10-24 11:27:33,217 [   2368]   INFO - #c.i.i.p.PluginManagerConfigurable - Marketplace tab: 'Top Downloads' group load started
2025-10-24 11:27:33,375 [   2526]   INFO - #c.i.o.a.i.NonBlockingReadActionImpl - OTel monitoring for NonBlockingReadAction is enabled
2025-10-24 11:27:33,611 [   2762]   INFO - #c.i.i.p.PluginManagerConfigurable - Marketplace tab: 'Top Downloads' group load finished
2025-10-24 11:27:33,611 [   2762]   INFO - #c.i.i.p.PluginManagerConfigurable - Marketplace tab: 'Top Rated' group load started
2025-10-24 11:27:33,753 [   2904]   WARN - #c.i.s.ComponentManagerImpl - com.intellij.psi.LanguageSubstitutors initializer requests com.intellij.psi.LanguageSubstitutors instance
2025-10-24 11:27:33,953 [   3104]   INFO - #c.i.i.p.PluginManagerConfigurable - Marketplace tab: 'Top Rated' group load finished
2025-10-24 11:27:34,835 [   3986]   INFO - #c.i.r.OsRegistryConfigProvider - Looking for 'lobbyServerUrl' value in [/Library/Application Support/JetBrains/CodeWithMe/lobbyServerUrl, /Library/Application Support/JetBrains/CodeWithMe/config.json, /Users/vishnupk/Library/Application Support/JetBrains/CodeWithMe/lobbyServerUrl, /Users/vishnupk/Library/Application Support/JetBrains/CodeWithMe/config.json]
2025-10-24 11:27:34,835 [   3986]   INFO - #c.i.r.OsRegistryConfigProvider - OS provided value for 'lobbyServerUrl' is not found
2025-10-24 11:27:34,836 [   3987]   INFO - #c.j.r.p.c.u.CodeWithMeSystemSettings - Setting default value='https://code-with-me.jetbrains.com'
2025-10-24 11:27:34,842 [   3993]   INFO - #c.i.r.OsRegistryConfigProvider - Looking for 'lobbyServerUrl' value in [/Library/Application Support/JetBrains/CodeWithMe/lobbyServerUrl, /Library/Application Support/JetBrains/CodeWithMe/config.json, /Users/vishnupk/Library/Application Support/JetBrains/CodeWithMe/lobbyServerUrl, /Users/vishnupk/Library/Application Support/JetBrains/CodeWithMe/config.json]
2025-10-24 11:27:34,842 [   3993]   INFO - #c.i.r.OsRegistryConfigProvider - OS provided value for 'lobbyServerUrl' is not found
2025-10-24 11:27:34,843 [   3994]   INFO - #c.j.r.p.c.u.CodeWithMeSystemSettings - Setting default value='https://code-with-me.jetbrains.com'
2025-10-24 11:27:34,968 [   4119]   WARN - #c.i.s.ComponentManagerImpl - com.intellij.psi.codeStyle.CodeStyleSettingsCustomizable initializer requests com.intellij.util.LocaleSensitiveApplicationCacheService instance
2025-10-24 11:27:35,671 [   4822]   WARN - #c.i.u.j.JBCefApp - JCEF is manually disabled in headless env via 'ide.browser.jcef.headless.enabled=false'
2025-10-24 11:27:35,675 [   4826]   INFO - #org.intellij.plugins.markdown.settings.MarkdownSettings - Migrating Markdown settings
2025-10-24 11:27:36,142 [   5293]   INFO - STDOUT - Found 205 configurables
2025-10-24 11:27:36,179 [   5330]   INFO - #c.i.i.p.n.PluginsGroupComponentWithProgress - Marketplace tab: loading stopped
2025-10-24 11:27:36,930 [   6081]   INFO - STDOUT - Output written to /Users/vishnupk/generativepromptpluginsuggestionandroid/build/searchableOptions/textmate.jar/search/textmate.jar.searchableOptions.xml
2025-10-24 11:27:36,933 [   6084]   INFO - STDOUT - Output written to /Users/vishnupk/generativepromptpluginsuggestionandroid/build/searchableOptions/markdown.jar/search/markdown.jar.searchableOptions.xml
2025-10-24 11:27:36,933 [   6084]   INFO - STDOUT - Output written to /Users/vishnupk/generativepromptpluginsuggestionandroid/build/searchableOptions/IntelliLang.jar/search/IntelliLang.jar.searchableOptions.xml
2025-10-24 11:27:36,933 [   6084]   INFO - STDOUT - Output written to /Users/vishnupk/generativepromptpluginsuggestionandroid/build/searchableOptions/eclipse.jar/search/eclipse.jar.searchableOptions.xml
2025-10-24 11:27:36,934 [   6085]   INFO - STDOUT - Output written to /Users/vishnupk/generativepromptpluginsuggestionandroid/build/searchableOptions/tasks-core.jar/search/tasks-core.jar.searchableOptions.xml
2025-10-24 11:27:36,934 [   6085]   INFO - STDOUT - Output written to /Users/vishnupk/generativepromptpluginsuggestionandroid/build/searchableOptions/sh.jar/search/sh.jar.searchableOptions.xml
2025-10-24 11:27:36,934 [   6085]   INFO - STDOUT - Output written to /Users/vishnupk/generativepromptpluginsuggestionandroid/build/searchableOptions/java-coverage.jar/search/java-coverage.jar.searchableOptions.xml
2025-10-24 11:27:36,934 [   6085]   INFO - STDOUT - Output written to /Users/vishnupk/generativepromptpluginsuggestionandroid/build/searchableOptions/java-impl.jar!/search/java-impl.jar!.searchableOptions.xml
2025-10-24 11:27:36,935 [   6086]   INFO - STDOUT - Output written to /Users/vishnupk/generativepromptpluginsuggestionandroid/build/searchableOptions/javaFX.jar!/search/javaFX.jar!.searchableOptions.xml
2025-10-24 11:27:36,935 [   6086]   INFO - STDOUT - Output written to /Users/vishnupk/generativepromptpluginsuggestionandroid/build/searchableOptions/searchEverywhereMl.jar/search/searchEverywhereMl.jar.searchableOptions.xml
2025-10-24 11:27:36,935 [   6086]   INFO - STDOUT - Output written to /Users/vishnupk/generativepromptpluginsuggestionandroid/build/searchableOptions/idea-junit.jar!/search/idea-junit.jar!.searchableOptions.xml
2025-10-24 11:27:36,936 [   6087]   INFO - STDOUT - Output written to /Users/vishnupk/generativepromptpluginsuggestionandroid/build/searchableOptions/uiDesigner.jar/search/uiDesigner.jar.searchableOptions.xml
2025-10-24 11:27:36,936 [   6087]   INFO - STDOUT - Output written to /Users/vishnupk/generativepromptpluginsuggestionandroid/build/searchableOptions/javaFX.jar/search/javaFX.jar.searchableOptions.xml
2025-10-24 11:27:36,937 [   6088]   INFO - STDOUT - Output written to /Users/vishnupk/generativepromptpluginsuggestionandroid/build/searchableOptions/dev.jar/search/dev.jar.searchableOptions.xml
2025-10-24 11:27:36,937 [   6088]   INFO - STDOUT - Output written to /Users/vishnupk/generativepromptpluginsuggestionandroid/build/searchableOptions/space.jar/search/space.jar.searchableOptions.xml
2025-10-24 11:27:36,937 [   6088]   INFO - STDOUT - Output written to /Users/vishnupk/generativepromptpluginsuggestionandroid/build/searchableOptions/cwm-plugin-terminal.jar/search/cwm-plugin-terminal.jar.searchableOptions.xml
2025-10-24 11:27:36,938 [   6089]   INFO - STDOUT - Output written to /Users/vishnupk/generativepromptpluginsuggestionandroid/build/searchableOptions/vcs-svn.jar/search/vcs-svn.jar.searchableOptions.xml
2025-10-24 11:27:36,939 [   6090]   INFO - STDOUT - Output written to /Users/vishnupk/generativepromptpluginsuggestionandroid/build/searchableOptions/byteCodeViewer.jar/search/byteCodeViewer.jar.searchableOptions.xml
2025-10-24 11:27:36,939 [   6090]   INFO - STDOUT - Output written to /Users/vishnupk/generativepromptpluginsuggestionandroid/build/searchableOptions/testng-plugin.jar!/search/testng-plugin.jar!.searchableOptions.xml
2025-10-24 11:27:36,939 [   6090]   INFO - STDOUT - Output written to /Users/vishnupk/generativepromptpluginsuggestionandroid/build/searchableOptions/marketplace.jar/search/marketplace.jar.searchableOptions.xml
2025-10-24 11:27:36,940 [   6091]   INFO - STDOUT - Output written to /Users/vishnupk/generativepromptpluginsuggestionandroid/build/searchableOptions/maven.jar/search/maven.jar.searchableOptions.xml
2025-10-24 11:27:36,941 [   6092]   INFO - STDOUT - Output written to /Users/vishnupk/generativepromptpluginsuggestionandroid/build/searchableOptions/copyright.jar/search/copyright.jar.searchableOptions.xml
2025-10-24 11:27:36,941 [   6092]   INFO - STDOUT - Output written to /Users/vishnupk/generativepromptpluginsuggestionandroid/build/searchableOptions/maven.jar!/search/maven.jar!.searchableOptions.xml
2025-10-24 11:27:36,943 [   6094]   INFO - STDOUT - Output written to /Users/vishnupk/generativepromptpluginsuggestionandroid/build/searchableOptions/Groovy.jar/search/Groovy.jar.searchableOptions.xml
2025-10-24 11:27:36,943 [   6094]   INFO - STDOUT - Output written to /Users/vishnupk/generativepromptpluginsuggestionandroid/build/searchableOptions/terminal.jar/search/terminal.jar.searchableOptions.xml
2025-10-24 11:27:36,943 [   6094]   INFO - STDOUT - Output written to /Users/vishnupk/generativepromptpluginsuggestionandroid/build/searchableOptions/gradle-java.jar/search/gradle-java.jar.searchableOptions.xml
2025-10-24 11:27:36,943 [   6094]   INFO - STDOUT - Output written to /Users/vishnupk/generativepromptpluginsuggestionandroid/build/searchableOptions/performanceTesting-async.jar/search/performanceTesting-async.jar.searchableOptions.xml
2025-10-24 11:27:36,943 [   6094]   INFO - STDOUT - Output written to /Users/vishnupk/generativepromptpluginsuggestionandroid/build/searchableOptions/properties.jar/search/properties.jar.searchableOptions.xml
2025-10-24 11:27:36,946 [   6097]   INFO - STDOUT - Output written to /Users/vishnupk/generativepromptpluginsuggestionandroid/build/searchableOptions/java-impl.jar/search/java-impl.jar.searchableOptions.xml
2025-10-24 11:27:36,955 [   6106]   INFO - STDOUT - Output written to /Users/vishnupk/generativepromptpluginsuggestionandroid/build/searchableOptions/app-client.jar/search/app-client.jar.searchableOptions.xml
2025-10-24 11:27:36,956 [   6107]   INFO - STDOUT - Output written to /Users/vishnupk/generativepromptpluginsuggestionandroid/build/searchableOptions/html-tools.jar/search/html-tools.jar.searchableOptions.xml
2025-10-24 11:27:36,957 [   6108]   INFO - STDOUT - Output written to /Users/vishnupk/generativepromptpluginsuggestionandroid/build/searchableOptions/vcs-perforce.jar/search/vcs-perforce.jar.searchableOptions.xml
2025-10-24 11:27:36,957 [   6108]   INFO - STDOUT - Output written to /Users/vishnupk/generativepromptpluginsuggestionandroid/build/searchableOptions/java-debugger-streams.jar/search/java-debugger-streams.jar.searchableOptions.xml
2025-10-24 11:27:36,957 [   6108]   INFO - STDOUT - Output written to /Users/vishnupk/generativepromptpluginsuggestionandroid/build/searchableOptions/gradle.jar/search/gradle.jar.searchableOptions.xml
2025-10-24 11:27:36,958 [   6109]   INFO - STDOUT - Output written to /Users/vishnupk/generativepromptpluginsuggestionandroid/build/searchableOptions/testng-plugin.jar/search/testng-plugin.jar.searchableOptions.xml
2025-10-24 11:27:36,958 [   6109]   INFO - STDOUT - Output written to /Users/vishnupk/generativepromptpluginsuggestionandroid/build/searchableOptions/grazie.jar/search/grazie.jar.searchableOptions.xml
2025-10-24 11:27:36,958 [   6109]   INFO - STDOUT - Output written to /Users/vishnupk/generativepromptpluginsuggestionandroid/build/searchableOptions/qodana.jar/search/qodana.jar.searchableOptions.xml
2025-10-24 11:27:36,959 [   6110]   INFO - STDOUT - Output written to /Users/vishnupk/generativepromptpluginsuggestionandroid/build/searchableOptions/app.jar/search/app.jar.searchableOptions.xml
2025-10-24 11:27:36,959 [   6110]   INFO - STDOUT - Output written to /Users/vishnupk/generativepromptpluginsuggestionandroid/build/searchableOptions/instrumented-GenerativePrompts-1.0.0.jar/search/instrumented-GenerativePrompts-1.0.0.jar.searchableOptions.xml
2025-10-24 11:27:36,959 [   6110]   INFO - STDOUT - Output written to /Users/vishnupk/generativepromptpluginsuggestionandroid/build/searchableOptions/completionMlRanking.jar/search/completionMlRanking.jar.searchableOptions.xml
2025-10-24 11:27:36,960 [   6111]   INFO - STDOUT - Output written to /Users/vishnupk/generativepromptpluginsuggestionandroid/build/searchableOptions/java-decompiler.jar/search/java-decompiler.jar.searchableOptions.xml
2025-10-24 11:27:36,960 [   6111]   INFO - STDOUT - Output written to /Users/vishnupk/generativepromptpluginsuggestionandroid/build/searchableOptions/vcs-hg.jar/search/vcs-hg.jar.searchableOptions.xml
2025-10-24 11:27:36,960 [   6111]   INFO - STDOUT - Output written to /Users/vishnupk/generativepromptpluginsuggestionandroid/build/searchableOptions/performanceTesting.jar/search/performanceTesting.jar.searchableOptions.xml
2025-10-24 11:27:36,960 [   6111]   INFO - STDOUT - Output written to /Users/vishnupk/generativepromptpluginsuggestionandroid/build/searchableOptions/vcs-gitlab.jar/search/vcs-gitlab.jar.searchableOptions.xml
2025-10-24 11:27:36,961 [   6112]   INFO - STDOUT - Output written to /Users/vishnupk/generativepromptpluginsuggestionandroid/build/searchableOptions/cwm-common.jar/search/cwm-common.jar.searchableOptions.xml
2025-10-24 11:27:36,961 [   6112]   INFO - STDOUT - Output written to /Users/vishnupk/generativepromptpluginsuggestionandroid/build/searchableOptions/java-i18n.jar/search/java-i18n.jar.searchableOptions.xml
2025-10-24 11:27:36,961 [   6112]   INFO - STDOUT - Output written to /Users/vishnupk/generativepromptpluginsuggestionandroid/build/searchableOptions/Groovy.jar!/search/Groovy.jar!.searchableOptions.xml
2025-10-24 11:27:36,961 [   6112]   INFO - STDOUT - Output written to /Users/vishnupk/generativepromptpluginsuggestionandroid/build/searchableOptions/emojipicker.jar/search/emojipicker.jar.searchableOptions.xml
2025-10-24 11:27:36,961 [   6112]   INFO - STDOUT - Output written to /Users/vishnupk/generativepromptpluginsuggestionandroid/build/searchableOptions/toml.jar/search/toml.jar.searchableOptions.xml
2025-10-24 11:27:36,961 [   6112]   INFO - STDOUT - Output written to /Users/vishnupk/generativepromptpluginsuggestionandroid/build/searchableOptions/platform-ijent-impl.jar/search/platform-ijent-impl.jar.searchableOptions.xml
2025-10-24 11:27:36,961 [   6112]   INFO - STDOUT - Output written to /Users/vishnupk/generativepromptpluginsuggestionandroid/build/searchableOptions/idea-junit.jar/search/idea-junit.jar.searchableOptions.xml
2025-10-24 11:27:36,961 [   6112]   INFO - STDOUT - Output written to /Users/vishnupk/generativepromptpluginsuggestionandroid/build/searchableOptions/yaml.jar/search/yaml.jar.searchableOptions.xml
2025-10-24 11:27:36,962 [   6113]   INFO - STDOUT - Output written to /Users/vishnupk/generativepromptpluginsuggestionandroid/build/searchableOptions/packageChecker.jar/search/packageChecker.jar.searchableOptions.xml
2025-10-24 11:27:36,962 [   6113]   INFO - STDOUT - Output written to /Users/vishnupk/generativepromptpluginsuggestionandroid/build/searchableOptions/platform-tracing-ide.jar/search/platform-tracing-ide.jar.searchableOptions.xml
2025-10-24 11:27:36,962 [   6113]   INFO - STDOUT - Output written to /Users/vishnupk/generativepromptpluginsuggestionandroid/build/searchableOptions/editorconfig.jar/search/editorconfig.jar.searchableOptions.xml
2025-10-24 11:27:36,962 [   6113]   INFO - STDOUT - Output written to /Users/vishnupk/generativepromptpluginsuggestionandroid/build/searchableOptions/vcs-github.jar/search/vcs-github.jar.searchableOptions.xml
2025-10-24 11:27:36,962 [   6113]   INFO - STDOUT - Output written to /Users/vishnupk/generativepromptpluginsuggestionandroid/build/searchableOptions/platform-langInjection.jar/search/platform-langInjection.jar.searchableOptions.xml
2025-10-24 11:27:36,962 [   6113]   INFO - STDOUT - Output written to /Users/vishnupk/generativepromptpluginsuggestionandroid/build/searchableOptions/platform-images.jar/search/platform-images.jar.searchableOptions.xml
2025-10-24 11:27:36,963 [   6114]   INFO - STDOUT - Output written to /Users/vishnupk/generativepromptpluginsuggestionandroid/build/searchableOptions/vcs-git.jar/search/vcs-git.jar.searchableOptions.xml
2025-10-24 11:27:36,964 [   6115]   INFO - STDOUT - Output written to /Users/vishnupk/generativepromptpluginsuggestionandroid/build/searchableOptions/kotlin-plugin.jar/search/kotlin-plugin.jar.searchableOptions.xml
2025-10-24 11:27:36,965 [   6116]   INFO - STDOUT - Output written to /Users/vishnupk/generativepromptpluginsuggestionandroid/build/searchableOptions/modules.jar/search/modules.jar.searchableOptions.xml
2025-10-24 11:27:36,965 [   6116]   INFO - STDOUT - Output written to /Users/vishnupk/generativepromptpluginsuggestionandroid/build/searchableOptions/indexing-shared.jar/search/indexing-shared.jar.searchableOptions.xml
2025-10-24 11:27:36,965 [   6116]   INFO - STDOUT - Output written to /Users/vishnupk/generativepromptpluginsuggestionandroid/build/searchableOptions/featuresTrainer.jar/search/featuresTrainer.jar.searchableOptions.xml
2025-10-24 11:27:36,965 [   6116]   INFO - STDOUT - Output written to /Users/vishnupk/generativepromptpluginsuggestionandroid/build/searchableOptions/kotlin-plugin.jar!/search/kotlin-plugin.jar!.searchableOptions.xml
2025-10-24 11:27:36,965 [   6116]   INFO - STDOUT - Output written to /Users/vishnupk/generativepromptpluginsuggestionandroid/build/searchableOptions/cwm-host.jar/search/cwm-host.jar.searchableOptions.xml
2025-10-24 11:27:36,965 [   6116]   INFO - STDOUT - Output written to /Users/vishnupk/generativepromptpluginsuggestionandroid/build/searchableOptions/gradle-java-maven.jar/search/gradle-java-maven.jar.searchableOptions.xml
2025-10-24 11:27:36,966 [   6117]   INFO - STDOUT - Output written to /Users/vishnupk/generativepromptpluginsuggestionandroid/build/searchableOptions/settingsSync.jar/search/settingsSync.jar.searchableOptions.xml
2025-10-24 11:27:36,966 [   6117]   INFO - STDOUT - Searchable options index builder completed
2025-10-24 11:27:36,966 [   6117]   INFO - #c.i.u.i.FileBasedIndexImpl - Index dispose started
2025-10-24 11:27:36,979 [   6130]   INFO - #c.i.p.s.StubIndexImpl - StubIndexExtension-s were unloaded
2025-10-24 11:27:36,979 [   6130]   INFO - #c.i.p.s.SerializationManagerImpl - Start shutting down /Users/vishnupk/generativepromptpluginsuggestionandroid/build/idea-sandbox/system/index/rep.names
2025-10-24 11:27:36,979 [   6130]   INFO - #c.i.p.s.SerializationManagerImpl - Finished shutting down /Users/vishnupk/generativepromptpluginsuggestionandroid/build/idea-sandbox/system/index/rep.names
2025-10-24 11:27:36,980 [   6131]   INFO - #c.i.u.i.FileBasedIndexImpl - Index dispose completed in 13ms.
2025-10-24 11:27:36,982 [   6133]   INFO - #c.i.o.v.n.p.PersistentFSImpl - VFS dispose started
2025-10-24 11:27:36,986 [   6137]   INFO - #c.i.o.v.n.p.PersistentFSImpl - VFS dispose completed in 3ms.
2025-10-24 11:27:36,994 [   6145]   INFO - #c.i.p.i.b.AppStarter - ------------------------------------------------------ IDE SHUTDOWN ------------------------------------------------------
